id,url,title,size,cr,imageUrl,thumbUrl,,,,,,,
aarakocra,https://www.aidedd.org/dnd/monstres.php?vo=aarakocra,Aarakocra,Medium,0.25,https://www.aidedd.org/dnd/images/aarakocra.jpg,https://www.aidedd.org/dnd/images/aarakocra.jpg,,,,,,,
aboleth,https://www.aidedd.org/dnd/monstres.php?vo=aboleth,Aboleth,Large,10,https://www.aidedd.org/dnd/images/aboleth.jpg,https://www.aidedd.org/dnd/images/aboleth.jpg,,,,,,,
acolyte,https://www.aidedd.org/dnd/monstres.php?vo=acolyte,Acolyte,Medium,0.25,https://www.aidedd.org/dnd/images/acolyte.jpg,https://www.aidedd.org/dnd/images/acolyte.jpg,,,,,,,
adult-black-dragon,https://www.aidedd.org/dnd/monstres.php?vo=adult-black-dragon,Adult Black Dragon,Huge,14,https://www.aidedd.org/dnd/images/adult-black-dragon.jpg,https://www.aidedd.org/dnd/images/adult-black-dragon.jpg,,,,,,,
adult-blue-dragon,https://www.aidedd.org/dnd/monstres.php?vo=adult-blue-dragon,Adult Blue Dragon,Huge,16,https://www.aidedd.org/dnd/images/adult-blue-dragon.jpg,https://www.aidedd.org/dnd/images/adult-blue-dragon.jpg,,,,,,,
adult-brass-dragon,https://www.aidedd.org/dnd/monstres.php?vo=adult-brass-dragon,Adult Brass Dragon,Huge,13,https://www.aidedd.org/dnd/images/adult-brass-dragon.jpg,https://www.aidedd.org/dnd/images/adult-brass-dragon.jpg,,,,,,,
adult-bronze-dragon,https://www.aidedd.org/dnd/monstres.php?vo=adult-bronze-dragon,Adult Bronze Dragon,Huge,15,https://www.aidedd.org/dnd/images/adult-bronze-dragon.jpg,https://www.aidedd.org/dnd/images/adult-bronze-dragon.jpg,,,,,,,
adult-copper-dragon,https://www.aidedd.org/dnd/monstres.php?vo=adult-copper-dragon,Adult Copper Dragon,Huge,14,https://www.aidedd.org/dnd/images/adult-copper-dragon.jpg,https://www.aidedd.org/dnd/images/adult-copper-dragon.jpg,,,,,,,
adult-gold-dragon,https://www.aidedd.org/dnd/monstres.php?vo=adult-gold-dragon,Adult Gold Dragon,Huge,17,https://www.aidedd.org/dnd/images/adult-gold-dragon.jpg,https://www.aidedd.org/dnd/images/adult-gold-dragon.jpg,,,,,,,
adult-green-dragon,https://www.aidedd.org/dnd/monstres.php?vo=adult-green-dragon,Adult Green Dragon,Huge,15,https://www.aidedd.org/dnd/images/adult-green-dragon.jpg,https://www.aidedd.org/dnd/images/adult-green-dragon.jpg,,,,,,,
adult-red-dragon,https://www.aidedd.org/dnd/monstres.php?vo=adult-red-dragon,Adult Red Dragon,Huge,17,https://www.aidedd.org/dnd/images/adult-red-dragon.jpg,https://www.aidedd.org/dnd/images/adult-red-dragon.jpg,,,,,,,
adult-silver-dragon,https://www.aidedd.org/dnd/monstres.php?vo=adult-silver-dragon,Adult Silver Dragon,Huge,16,https://www.aidedd.org/dnd/images/adult-silver-dragon.jpg,https://www.aidedd.org/dnd/images/adult-silver-dragon.jpg,,,,,,,
adult-white-dragon,https://www.aidedd.org/dnd/monstres.php?vo=adult-white-dragon,Adult White Dragon,Huge,13,https://www.aidedd.org/dnd/images/adult-white-dragon.jpg,https://www.aidedd.org/dnd/images/adult-white-dragon.jpg,,,,,,,
air-elemental,https://www.aidedd.org/dnd/monstres.php?vo=air-elemental,Air Elemental,Large,5,https://www.aidedd.org/dnd/images/air-elemental.jpg,https://www.aidedd.org/dnd/images/air-elemental.jpg,,,,,,,
allosaurus,https://www.aidedd.org/dnd/monstres.php?vo=allosaurus,Allosaurus,Large,2,https://www.aidedd.org/dnd/images/allosaurus.jpg,https://www.aidedd.org/dnd/images/allosaurus.jpg,,,,,,,
ancient-black-dragon,https://www.aidedd.org/dnd/monstres.php?vo=ancient-black-dragon,Ancient Black Dragon,Gargantuan,21,https://www.aidedd.org/dnd/images/ancient-black-dragon.jpg,https://www.aidedd.org/dnd/images/ancient-black-dragon.jpg,,,,,,,
ancient-blue-dragon,https://www.aidedd.org/dnd/monstres.php?vo=ancient-blue-dragon,Ancient Blue Dragon,Gargantuan,23,https://www.aidedd.org/dnd/images/ancient-blue-dragon.jpg,https://www.aidedd.org/dnd/images/ancient-blue-dragon.jpg,,,,,,,
ancient-brass-dragon,https://www.aidedd.org/dnd/monstres.php?vo=ancient-brass-dragon,Ancient Brass Dragon,Gargantuan,20,https://www.aidedd.org/dnd/images/ancient-brass-dragon.jpg,https://www.aidedd.org/dnd/images/ancient-brass-dragon.jpg,,,,,,,
ancient-bronze-dragon,https://www.aidedd.org/dnd/monstres.php?vo=ancient-bronze-dragon,Ancient Bronze Dragon,Gargantuan,22,https://www.aidedd.org/dnd/images/ancient-bronze-dragon.jpg,https://www.aidedd.org/dnd/images/ancient-bronze-dragon.jpg,,,,,,,
ancient-copper-dragon,https://www.aidedd.org/dnd/monstres.php?vo=ancient-copper-dragon,Ancient Copper Dragon,Gargantuan,21,https://www.aidedd.org/dnd/images/ancient-copper-dragon.jpg,https://www.aidedd.org/dnd/images/ancient-copper-dragon.jpg,,,,,,,
ancient-gold-dragon,https://www.aidedd.org/dnd/monstres.php?vo=ancient-gold-dragon,Ancient Gold Dragon,Gargantuan,24,https://www.aidedd.org/dnd/images/ancient-gold-dragon.jpg,https://www.aidedd.org/dnd/images/ancient-gold-dragon.jpg,,,,,,,
ancient-green-dragon,https://www.aidedd.org/dnd/monstres.php?vo=ancient-green-dragon,Ancient Green Dragon,Gargantuan,22,https://www.aidedd.org/dnd/images/ancient-green-dragon.jpg,https://www.aidedd.org/dnd/images/ancient-green-dragon.jpg,,,,,,,
ancient-red-dragon,https://www.aidedd.org/dnd/monstres.php?vo=ancient-red-dragon,Ancient Red Dragon,Gargantuan,24,https://www.aidedd.org/dnd/images/ancient-red-dragon.jpg,https://www.aidedd.org/dnd/images/ancient-red-dragon.jpg,,,,,,,
ancient-shadow,https://www.aidedd.org/dnd/monstres.php?vo=ancient-shadow,Ancient Shadow,Medium,1,https://www.aidedd.org/dnd/images/ancient-shadow.jpg,https://www.aidedd.org/dnd/images/ancient-shadow.jpg,,,,,,,
ancient-silver-dragon,https://www.aidedd.org/dnd/monstres.php?vo=ancient-silver-dragon,Ancient Silver Dragon,Gargantuan,23,https://www.aidedd.org/dnd/images/ancient-silver-dragon.jpg,https://www.aidedd.org/dnd/images/ancient-silver-dragon.jpg,,,,,,,
ancient-white-dragon,https://www.aidedd.org/dnd/monstres.php?vo=ancient-white-dragon,Ancient White Dragon,Gargantuan,20,https://www.aidedd.org/dnd/images/ancient-white-dragon.jpg,https://www.aidedd.org/dnd/images/ancient-white-dragon.jpg,,,,,,,
androsphinx,https://www.aidedd.org/dnd/monstres.php?vo=androsphinx,Androsphinx,Large,17,https://www.aidedd.org/dnd/images/androsphinx.jpg,https://www.aidedd.org/dnd/images/androsphinx.jpg,,,,,,,
animated-armor,https://www.aidedd.org/dnd/monstres.php?vo=animated-armor,Animated Armor,Medium,1,https://www.aidedd.org/dnd/images/animated-armor.jpg,https://www.aidedd.org/dnd/images/animated-armor.jpg,,,,,,,
ankheg,https://www.aidedd.org/dnd/monstres.php?vo=ankheg,Ankheg,Large,2,https://www.aidedd.org/dnd/images/ankheg.jpg,https://www.aidedd.org/dnd/images/ankheg.jpg,,,,,,,
ankylosaurus,https://www.aidedd.org/dnd/monstres.php?vo=ankylosaurus,Ankylosaurus,Huge,3,https://www.aidedd.org/dnd/images/ankylosaurus.jpg,https://www.aidedd.org/dnd/images/ankylosaurus.jpg,,,,,,,
annis-hag,https://www.aidedd.org/dnd/monstres.php?vo=annis-hag,Annis Hag,Large,6,https://www.aidedd.org/dnd/images/annis-hag.jpg,https://www.aidedd.org/dnd/images/annis-hag.jpg,,,,,,,
ape,https://www.aidedd.org/dnd/monstres.php?vo=ape,Ape,Medium,0.5,https://www.aidedd.org/dnd/images/ape.jpg,https://www.aidedd.org/dnd/images/ape.jpg,,,,,,,
archmage,https://www.aidedd.org/dnd/monstres.php?vo=archmage,Archmage,Medium,12,https://www.aidedd.org/dnd/images/archmage.jpg,https://www.aidedd.org/dnd/images/archmage.jpg,,,,,,,
assassin,https://www.aidedd.org/dnd/monstres.php?vo=assassin,Assassin,Medium,8,https://www.aidedd.org/dnd/images/assassin.jpg,https://www.aidedd.org/dnd/images/assassin.jpg,,,,,,,
astral-dreadnought,https://www.aidedd.org/dnd/monstres.php?vo=astral-dreadnought,Astral Dreadnought,Gargantuan,21,https://www.aidedd.org/dnd/images/astral-dreadnought.jpg,https://www.aidedd.org/dnd/images/astral-dreadnought.jpg,,,,,,,
aurochs,https://www.aidedd.org/dnd/monstres.php?vo=aurochs,Aurochs,Large,2,https://www.aidedd.org/dnd/images/aurochs.jpg,https://www.aidedd.org/dnd/images/aurochs.jpg,,,,,,,
awakened-shrub,https://www.aidedd.org/dnd/monstres.php?vo=awakened-shrub,Awakened Shrub,Small,0,https://www.aidedd.org/dnd/images/awakened-shrub.jpg,https://www.aidedd.org/dnd/images/awakened-shrub.jpg,,,,,,,
awakened-tree,https://www.aidedd.org/dnd/monstres.php?vo=awakened-tree,Awakened Tree,Huge,2,https://www.aidedd.org/dnd/images/awakened-tree.jpg,https://www.aidedd.org/dnd/images/awakened-tree.jpg,,,,,,,
axe-beak,https://www.aidedd.org/dnd/monstres.php?vo=axe-beak,Axe Beak,Large,0.25,https://www.aidedd.org/dnd/images/axe-beak.jpg,https://www.aidedd.org/dnd/images/axe-beak.jpg,,,,,,,
azer,https://www.aidedd.org/dnd/monstres.php?vo=azer,Azer,Medium,2,https://www.aidedd.org/dnd/images/azer.jpg,https://www.aidedd.org/dnd/images/azer.jpg,,,,,,,
baboon,https://www.aidedd.org/dnd/monstres.php?vo=baboon,Baboon,Small,0,https://www.aidedd.org/dnd/images/baboon.jpg,https://www.aidedd.org/dnd/images/baboon.jpg,,,,,,,
badger,https://www.aidedd.org/dnd/monstres.php?vo=badger,Badger,Tiny,0,https://www.aidedd.org/dnd/images/badger.jpg,https://www.aidedd.org/dnd/images/badger.jpg,,,,,,,
balor,https://www.aidedd.org/dnd/monstres.php?vo=balor,Balor,Huge,19,https://www.aidedd.org/dnd/images/balor.jpg,https://www.aidedd.org/dnd/images/balor.jpg,,,,,,,
bandit,https://www.aidedd.org/dnd/monstres.php?vo=bandit,Bandit,Medium,0.13,https://www.aidedd.org/dnd/images/bandit.jpg,https://www.aidedd.org/dnd/images/bandit.jpg,,,,,,,
bandit-captain,https://www.aidedd.org/dnd/monstres.php?vo=bandit-captain,Bandit Captain,Medium,2,https://www.aidedd.org/dnd/images/bandit-captain.jpg,https://www.aidedd.org/dnd/images/bandit-captain.jpg,,,,,,,
banshee,https://www.aidedd.org/dnd/monstres.php?vo=banshee,Banshee,Medium,4,https://www.aidedd.org/dnd/images/banshee.jpg,https://www.aidedd.org/dnd/images/banshee.jpg,,,,,,,
barbed-devil,https://www.aidedd.org/dnd/monstres.php?vo=barbed-devil,Barbed Devil,Medium,5,https://www.aidedd.org/dnd/images/barbed-devil.jpg,https://www.aidedd.org/dnd/images/barbed-devil.jpg,,,,,,,
barghest,https://www.aidedd.org/dnd/monstres.php?vo=barghest,Barghest,Large,4,https://www.aidedd.org/dnd/images/barghest.jpg,https://www.aidedd.org/dnd/images/barghest.jpg,,,,,,,
barlgura,https://www.aidedd.org/dnd/monstres.php?vo=barlgura,Barlgura,Large,5,https://www.aidedd.org/dnd/images/barlgura.jpg,https://www.aidedd.org/dnd/images/barlgura.jpg,,,,,,,
basilisk,https://www.aidedd.org/dnd/monstres.php?vo=basilisk,Basilisk,Medium,3,https://www.aidedd.org/dnd/images/basilisk.jpg,https://www.aidedd.org/dnd/images/basilisk.jpg,,,,,,,
bat,https://www.aidedd.org/dnd/monstres.php?vo=bat,Bat,Tiny,0,https://www.aidedd.org/dnd/images/bat.jpg,https://www.aidedd.org/dnd/images/bat.jpg,,,,,,,
bearded-devil,https://www.aidedd.org/dnd/monstres.php?vo=bearded-devil,Bearded Devil,Medium,3,https://www.aidedd.org/dnd/images/bearded-devil.jpg,https://www.aidedd.org/dnd/images/bearded-devil.jpg,,,,,,,
behir,https://www.aidedd.org/dnd/monstres.php?vo=behir,Behir,Huge,11,https://www.aidedd.org/dnd/images/behir.jpg,https://www.aidedd.org/dnd/images/behir.jpg,,,,,,,
belaphoss,https://www.aidedd.org/dnd/monstres.php?vo=belaphoss,Belaphoss,Huge,20,https://www.aidedd.org/dnd/images/belaphoss.jpg,https://www.aidedd.org/dnd/images/belaphoss.jpg,,,,,,,
berserker,https://www.aidedd.org/dnd/monstres.php?vo=berserker,Berserker,Medium,2,https://www.aidedd.org/dnd/images/berserker.jpg,https://www.aidedd.org/dnd/images/berserker.jpg,,,,,,,
black-bear,https://www.aidedd.org/dnd/monstres.php?vo=black-bear,Black Bear,Medium,0.5,https://www.aidedd.org/dnd/images/black-bear.jpg,https://www.aidedd.org/dnd/images/black-bear.jpg,,,,,,,
black-dragon-wyrmling,https://www.aidedd.org/dnd/monstres.php?vo=black-dragon-wyrmling,Black Dragon Wyrmling,Medium,2,https://www.aidedd.org/dnd/images/black-dragon-wyrmling.jpg,https://www.aidedd.org/dnd/images/black-dragon-wyrmling.jpg,,,,,,,
black-pudding,https://www.aidedd.org/dnd/monstres.php?vo=black-pudding,Black Pudding,Large,4,https://www.aidedd.org/dnd/images/black-pudding.jpg,https://www.aidedd.org/dnd/images/black-pudding.jpg,,,,,,,
blink-dog,https://www.aidedd.org/dnd/monstres.php?vo=blink-dog,Blink Dog,Medium,0.25,https://www.aidedd.org/dnd/images/blink-dog.jpg,https://www.aidedd.org/dnd/images/blink-dog.jpg,,,,,,,
blood-hawk,https://www.aidedd.org/dnd/monstres.php?vo=blood-hawk,Blood Hawk,Small,0.13,https://www.aidedd.org/dnd/images/blood-hawk.jpg,https://www.aidedd.org/dnd/images/blood-hawk.jpg,,,,,,,
blue-dragon-wyrmling,https://www.aidedd.org/dnd/monstres.php?vo=blue-dragon-wyrmling,Blue Dragon Wyrmling,Medium,3,https://www.aidedd.org/dnd/images/blue-dragon-wyrmling.jpg,https://www.aidedd.org/dnd/images/blue-dragon-wyrmling.jpg,,,,,,,
boar,https://www.aidedd.org/dnd/monstres.php?vo=boar,Boar,Medium,0.25,https://www.aidedd.org/dnd/images/boar.jpg,https://www.aidedd.org/dnd/images/boar.jpg,,,,,,,
bone-devil,https://www.aidedd.org/dnd/monstres.php?vo=bone-devil,Bone Devil,Large,9,https://www.aidedd.org/dnd/images/bone-devil.jpg,https://www.aidedd.org/dnd/images/bone-devil.jpg,,,,,,,
brass-dragon-wyrmling,https://www.aidedd.org/dnd/monstres.php?vo=brass-dragon-wyrmling,Brass Dragon Wyrmling,Medium,1,https://www.aidedd.org/dnd/images/brass-dragon-wyrmling.jpg,https://www.aidedd.org/dnd/images/brass-dragon-wyrmling.jpg,,,,,,,
bronze-dragon-wyrmling,https://www.aidedd.org/dnd/monstres.php?vo=bronze-dragon-wyrmling,Bronze Dragon Wyrmling,Medium,2,https://www.aidedd.org/dnd/images/bronze-dragon-wyrmling.jpg,https://www.aidedd.org/dnd/images/bronze-dragon-wyrmling.jpg,,,,,,,
brown-bear,https://www.aidedd.org/dnd/monstres.php?vo=brown-bear,Brown Bear,Large,1,https://www.aidedd.org/dnd/images/brown-bear.jpg,https://www.aidedd.org/dnd/images/brown-bear.jpg,,,,,,,
bugbear,https://www.aidedd.org/dnd/monstres.php?vo=bugbear,Bugbear,Medium,1,https://www.aidedd.org/dnd/images/bugbear.jpg,https://www.aidedd.org/dnd/images/bugbear.jpg,,,,,,,
bulette,https://www.aidedd.org/dnd/monstres.php?vo=bulette,Bulette,Large,5,https://www.aidedd.org/dnd/images/bulette.jpg,https://www.aidedd.org/dnd/images/bulette.jpg,,,,,,,
bullywug,https://www.aidedd.org/dnd/monstres.php?vo=bullywug,Bullywug,Medium,0.25,https://www.aidedd.org/dnd/images/bullywug.jpg,https://www.aidedd.org/dnd/images/bullywug.jpg,,,,,,,
camel,https://www.aidedd.org/dnd/monstres.php?vo=camel,Camel,Large,0.13,https://www.aidedd.org/dnd/images/camel.jpg,https://www.aidedd.org/dnd/images/camel.jpg,,,,,,,
cat,https://www.aidedd.org/dnd/monstres.php?vo=cat,Cat,Tiny,0,https://www.aidedd.org/dnd/images/cat.jpg,https://www.aidedd.org/dnd/images/cat.jpg,,,,,,,
centaur,https://www.aidedd.org/dnd/monstres.php?vo=centaur,Centaur,Large,2,https://www.aidedd.org/dnd/images/centaur.jpg,https://www.aidedd.org/dnd/images/centaur.jpg,,,,,,,
chain-devil,https://www.aidedd.org/dnd/monstres.php?vo=chain-devil,Chain Devil,Medium,8,https://www.aidedd.org/dnd/images/chain-devil.jpg,https://www.aidedd.org/dnd/images/chain-devil.jpg,,,,,,,
chimera,https://www.aidedd.org/dnd/monstres.php?vo=chimera,Chimera,Large,6,https://www.aidedd.org/dnd/images/chimera.jpg,https://www.aidedd.org/dnd/images/chimera.jpg,,,,,,,
chuul,https://www.aidedd.org/dnd/monstres.php?vo=chuul,Chuul,Large,4,https://www.aidedd.org/dnd/images/chuul.jpg,https://www.aidedd.org/dnd/images/chuul.jpg,,,,,,,
clay-golem,https://www.aidedd.org/dnd/monstres.php?vo=clay-golem,Clay Golem,Large,9,https://www.aidedd.org/dnd/images/clay-golem.jpg,https://www.aidedd.org/dnd/images/clay-golem.jpg,,,,,,,
cloaker,https://www.aidedd.org/dnd/monstres.php?vo=cloaker,Cloaker,Large,8,https://www.aidedd.org/dnd/images/cloaker.jpg,https://www.aidedd.org/dnd/images/cloaker.jpg,,,,,,,
cloud-giant,https://www.aidedd.org/dnd/monstres.php?vo=cloud-giant,Cloud Giant,Huge,9,https://www.aidedd.org/dnd/images/cloud-giant.jpg,https://www.aidedd.org/dnd/images/cloud-giant.jpg,,,,,,,
cockatrice,https://www.aidedd.org/dnd/monstres.php?vo=cockatrice,Cockatrice,Small,0.5,https://www.aidedd.org/dnd/images/cockatrice.jpg,https://www.aidedd.org/dnd/images/cockatrice.jpg,,,,,,,
commoner,https://www.aidedd.org/dnd/monstres.php?vo=commoner,Commoner,Medium,0,https://www.aidedd.org/dnd/images/commoner.jpg,https://www.aidedd.org/dnd/images/commoner.jpg,,,,,,,
constrictor-snake,https://www.aidedd.org/dnd/monstres.php?vo=constrictor-snake,Constrictor Snake,Large,0.25,https://www.aidedd.org/dnd/images/constrictor-snake.jpg,https://www.aidedd.org/dnd/images/constrictor-snake.jpg,,,,,,,
copper-dragon-wyrmling,https://www.aidedd.org/dnd/monstres.php?vo=copper-dragon-wyrmling,Copper Dragon Wyrmling,Medium,1,https://www.aidedd.org/dnd/images/copper-dragon-wyrmling.jpg,https://www.aidedd.org/dnd/images/copper-dragon-wyrmling.jpg,,,,,,,
couatl,https://www.aidedd.org/dnd/monstres.php?vo=couatl,Couatl,Medium,4,https://www.aidedd.org/dnd/images/couatl.jpg,https://www.aidedd.org/dnd/images/couatl.jpg,,,,,,,
cow,https://www.aidedd.org/dnd/monstres.php?vo=cow,Cow,Large,0.25,https://www.aidedd.org/dnd/images/cow.jpg,https://www.aidedd.org/dnd/images/cow.jpg,,,,,,,
crab,https://www.aidedd.org/dnd/monstres.php?vo=crab,Crab,Tiny,0,https://www.aidedd.org/dnd/images/crab.jpg,https://www.aidedd.org/dnd/images/crab.jpg,,,,,,,
crawling-claw,https://www.aidedd.org/dnd/monstres.php?vo=crawling-claw,Crawling Claw,Tiny,0,https://www.aidedd.org/dnd/images/crawling-claw.jpg,https://www.aidedd.org/dnd/images/crawling-claw.jpg,,,,,,,
crocodile,https://www.aidedd.org/dnd/monstres.php?vo=crocodile,Crocodile,Large,0.5,https://www.aidedd.org/dnd/images/crocodile.jpg,https://www.aidedd.org/dnd/images/crocodile.jpg,,,,,,,
cult-fanatic,https://www.aidedd.org/dnd/monstres.php?vo=cult-fanatic,Cult Fanatic,Medium,2,https://www.aidedd.org/dnd/images/cult-fanatic.jpg,https://www.aidedd.org/dnd/images/cult-fanatic.jpg,,,,,,,
cultist,https://www.aidedd.org/dnd/monstres.php?vo=cultist,Cultist,Medium,0.13,https://www.aidedd.org/dnd/images/cultist.jpg,https://www.aidedd.org/dnd/images/cultist.jpg,,,,,,,
cyclops,https://www.aidedd.org/dnd/monstres.php?vo=cyclops,Cyclops,Huge,6,https://www.aidedd.org/dnd/images/cyclops.jpg,https://www.aidedd.org/dnd/images/cyclops.jpg,,,,,,,
dao,https://www.aidedd.org/dnd/monstres.php?vo=dao,Dao,Large,11,https://www.aidedd.org/dnd/images/dao.jpg,https://www.aidedd.org/dnd/images/dao.jpg,,,,,,,
darkmantle,https://www.aidedd.org/dnd/monstres.php?vo=darkmantle,Darkmantle,Small,0.5,https://www.aidedd.org/dnd/images/darkmantle.jpg,https://www.aidedd.org/dnd/images/darkmantle.jpg,,,,,,,
death-dog,https://www.aidedd.org/dnd/monstres.php?vo=death-dog,Death Dog,Medium,1,https://www.aidedd.org/dnd/images/death-dog.jpg,https://www.aidedd.org/dnd/images/death-dog.jpg,,,,,,,
deep-gnome-svirfneblin,https://www.aidedd.org/dnd/monstres.php?vo=deep-gnome-svirfneblin,Deep Gnome Svirfneblin,Small,0.5,https://www.aidedd.org/dnd/images/deep-gnome-svirfneblin.jpg,https://www.aidedd.org/dnd/images/deep-gnome-svirfneblin.jpg,,,,,,,
deer,https://www.aidedd.org/dnd/monstres.php?vo=deer,Deer,Medium,0,https://www.aidedd.org/dnd/images/deer.jpg,https://www.aidedd.org/dnd/images/deer.jpg,,,,,,,
deva,https://www.aidedd.org/dnd/monstres.php?vo=deva,Deva,Medium,10,https://www.aidedd.org/dnd/images/deva.jpg,https://www.aidedd.org/dnd/images/deva.jpg,,,,,,,
devilroot,https://www.aidedd.org/dnd/monstres.php?vo=devilroot,Devilroot,Medium,7,https://www.aidedd.org/dnd/images/devilroot.jpg,https://www.aidedd.org/dnd/images/devilroot.jpg,,,,,,,
dire-wolf,https://www.aidedd.org/dnd/monstres.php?vo=dire-wolf,Dire Wolf,Large,1,https://www.aidedd.org/dnd/images/dire-wolf.jpg,https://www.aidedd.org/dnd/images/dire-wolf.jpg,,,,,,,
djinni,https://www.aidedd.org/dnd/monstres.php?vo=djinni,Djinni,Large,11,https://www.aidedd.org/dnd/images/djinni.jpg,https://www.aidedd.org/dnd/images/djinni.jpg,,,,,,,
dolphin,https://www.aidedd.org/dnd/monstres.php?vo=dolphin,Dolphin,Medium,0.13,https://www.aidedd.org/dnd/images/dolphin.jpg,https://www.aidedd.org/dnd/images/dolphin.jpg,,,,,,,
doppelganger,https://www.aidedd.org/dnd/monstres.php?vo=doppelganger,Doppelganger,Medium,3,https://www.aidedd.org/dnd/images/doppelganger.jpg,https://www.aidedd.org/dnd/images/doppelganger.jpg,,,,,,,
draft-horse,https://www.aidedd.org/dnd/monstres.php?vo=draft-horse,Draft Horse,Large,0.25,https://www.aidedd.org/dnd/images/draft-horse.jpg,https://www.aidedd.org/dnd/images/draft-horse.jpg,,,,,,,
dragon-turtle,https://www.aidedd.org/dnd/monstres.php?vo=dragon-turtle,Dragon Turtle,Gargantuan,17,https://www.aidedd.org/dnd/images/dragon-turtle.jpg,https://www.aidedd.org/dnd/images/dragon-turtle.jpg,,,,,,,
dretch,https://www.aidedd.org/dnd/monstres.php?vo=dretch,Dretch,Small,0.25,https://www.aidedd.org/dnd/images/dretch.jpg,https://www.aidedd.org/dnd/images/dretch.jpg,,,,,,,
drider,https://www.aidedd.org/dnd/monstres.php?vo=drider,Drider,Large,6,https://www.aidedd.org/dnd/images/drider.jpg,https://www.aidedd.org/dnd/images/drider.jpg,,,,,,,
drow,https://www.aidedd.org/dnd/monstres.php?vo=drow,Drow,Medium,0.25,https://www.aidedd.org/dnd/images/drow.jpg,https://www.aidedd.org/dnd/images/drow.jpg,,,,,,,
drow-house-captain,https://www.aidedd.org/dnd/monstres.php?vo=drow-house-captain,Drow House Captain,Medium,9,https://www.aidedd.org/dnd/images/drow-house-captain.jpg,https://www.aidedd.org/dnd/images/drow-house-captain.jpg,,,,,,,
drow-inquisitor,https://www.aidedd.org/dnd/monstres.php?vo=drow-inquisitor,Drow Inquisitor,Medium,14,https://www.aidedd.org/dnd/images/drow-inquisitor.jpg,https://www.aidedd.org/dnd/images/drow-inquisitor.jpg,,,,,,,
drow-mage,https://www.aidedd.org/dnd/monstres.php?vo=drow-mage,Drow Mage,Medium,7,https://www.aidedd.org/dnd/images/drow-mage.jpg,https://www.aidedd.org/dnd/images/drow-mage.jpg,,,,,,,
druid,https://www.aidedd.org/dnd/monstres.php?vo=druid,Druid,Medium,2,https://www.aidedd.org/dnd/images/druid.jpg,https://www.aidedd.org/dnd/images/druid.jpg,,,,,,,
dryad,https://www.aidedd.org/dnd/monstres.php?vo=dryad,Dryad,Medium,1,https://www.aidedd.org/dnd/images/dryad.jpg,https://www.aidedd.org/dnd/images/dryad.jpg,,,,,,,
duergar,https://www.aidedd.org/dnd/monstres.php?vo=duergar,Duergar,Medium,1,https://www.aidedd.org/dnd/images/duergar.jpg,https://www.aidedd.org/dnd/images/duergar.jpg,,,,,,,
dust-mephit,https://www.aidedd.org/dnd/monstres.php?vo=dust-mephit,Dust Mephit,Small,0.5,https://www.aidedd.org/dnd/images/dust-mephit.jpg,https://www.aidedd.org/dnd/images/dust-mephit.jpg,,,,,,,
eagle,https://www.aidedd.org/dnd/monstres.php?vo=eagle,Eagle,Small,0,https://www.aidedd.org/dnd/images/eagle.jpg,https://www.aidedd.org/dnd/images/eagle.jpg,,,,,,,
earth-elemental,https://www.aidedd.org/dnd/monstres.php?vo=earth-elemental,Earth Elemental,Large,5,https://www.aidedd.org/dnd/images/earth-elemental.jpg,https://www.aidedd.org/dnd/images/earth-elemental.jpg,,,,,,,
efreeti,https://www.aidedd.org/dnd/monstres.php?vo=efreeti,Efreeti,Large,11,https://www.aidedd.org/dnd/images/efreeti.jpg,https://www.aidedd.org/dnd/images/efreeti.jpg,,,,,,,
elephant,https://www.aidedd.org/dnd/monstres.php?vo=elephant,Elephant,Huge,4,https://www.aidedd.org/dnd/images/elephant.jpg,https://www.aidedd.org/dnd/images/elephant.jpg,,,,,,,
elk,https://www.aidedd.org/dnd/monstres.php?vo=elk,Elk,Large,0.25,https://www.aidedd.org/dnd/images/elk.jpg,https://www.aidedd.org/dnd/images/elk.jpg,,,,,,,
erinyes,https://www.aidedd.org/dnd/monstres.php?vo=erinyes,Erinyes,Medium,12,https://www.aidedd.org/dnd/images/erinyes.jpg,https://www.aidedd.org/dnd/images/erinyes.jpg,,,,,,,
ettercap,https://www.aidedd.org/dnd/monstres.php?vo=ettercap,Ettercap,Medium,2,https://www.aidedd.org/dnd/images/ettercap.jpg,https://www.aidedd.org/dnd/images/ettercap.jpg,,,,,,,
ettin,https://www.aidedd.org/dnd/monstres.php?vo=ettin,Ettin,Large,4,https://www.aidedd.org/dnd/images/ettin.jpg,https://www.aidedd.org/dnd/images/ettin.jpg,,,,,,,
fire-elemental,https://www.aidedd.org/dnd/monstres.php?vo=fire-elemental,Fire Elemental,Large,5,https://www.aidedd.org/dnd/images/fire-elemental.jpg,https://www.aidedd.org/dnd/images/fire-elemental.jpg,,,,,,,
fire-giant,https://www.aidedd.org/dnd/monstres.php?vo=fire-giant,Fire Giant,Huge,9,https://www.aidedd.org/dnd/images/fire-giant.jpg,https://www.aidedd.org/dnd/images/fire-giant.jpg,,,,,,,
fire-snake,https://www.aidedd.org/dnd/monstres.php?vo=fire-snake,Fire Snake,Medium,1,https://www.aidedd.org/dnd/images/fire-snake.jpg,https://www.aidedd.org/dnd/images/fire-snake.jpg,,,,,,,
flameskull,https://www.aidedd.org/dnd/monstres.php?vo=flameskull,Flameskull,Tiny,4,https://www.aidedd.org/dnd/images/flameskull.jpg,https://www.aidedd.org/dnd/images/flameskull.jpg,,,,,,,
flesh-golem,https://www.aidedd.org/dnd/monstres.php?vo=flesh-golem,Flesh Golem,Medium,5,https://www.aidedd.org/dnd/images/flesh-golem.jpg,https://www.aidedd.org/dnd/images/flesh-golem.jpg,,,,,,,
flind,https://www.aidedd.org/dnd/monstres.php?vo=flind,Flind,Medium,9,https://www.aidedd.org/dnd/images/flind.jpg,https://www.aidedd.org/dnd/images/flind.jpg,,,,,,,
flying-snake,https://www.aidedd.org/dnd/monstres.php?vo=flying-snake,Flying Snake,Tiny,0.13,https://www.aidedd.org/dnd/images/flying-snake.jpg,https://www.aidedd.org/dnd/images/flying-snake.jpg,,,,,,,
flying-sword,https://www.aidedd.org/dnd/monstres.php?vo=flying-sword,Flying Sword,Small,0.25,https://www.aidedd.org/dnd/images/flying-sword.jpg,https://www.aidedd.org/dnd/images/flying-sword.jpg,,,,,,,
frog,https://www.aidedd.org/dnd/monstres.php?vo=frog,Frog,Tiny,0,https://www.aidedd.org/dnd/images/frog.jpg,https://www.aidedd.org/dnd/images/frog.jpg,,,,,,,
froghemoth,https://www.aidedd.org/dnd/monstres.php?vo=froghemoth,Froghemoth,Huge,10,https://www.aidedd.org/dnd/images/froghemoth.jpg,https://www.aidedd.org/dnd/images/froghemoth.jpg,,,,,,,
frost-giant,https://www.aidedd.org/dnd/monstres.php?vo=frost-giant,Frost Giant,Huge,8,https://www.aidedd.org/dnd/images/frost-giant.jpg,https://www.aidedd.org/dnd/images/frost-giant.jpg,,,,,,,
galeb-duhr,https://www.aidedd.org/dnd/monstres.php?vo=galeb-duhr,Galeb Duhr,Medium,6,https://www.aidedd.org/dnd/images/galeb-duhr.jpg,https://www.aidedd.org/dnd/images/galeb-duhr.jpg,,,,,,,
gargoyle,https://www.aidedd.org/dnd/monstres.php?vo=gargoyle,Gargoyle,Medium,2,https://www.aidedd.org/dnd/images/gargoyle.jpg,https://www.aidedd.org/dnd/images/gargoyle.jpg,,,,,,,
gauth,https://www.aidedd.org/dnd/monstres.php?vo=gauth,Gauth,Medium,6,https://www.aidedd.org/dnd/images/gauth.jpg,https://www.aidedd.org/dnd/images/gauth.jpg,,,,,,,
gelatinous-cube,https://www.aidedd.org/dnd/monstres.php?vo=gelatinous-cube,Gelatinous Cube,Large,2,https://www.aidedd.org/dnd/images/gelatinous-cube.jpg,https://www.aidedd.org/dnd/images/gelatinous-cube.jpg,,,,,,,
ghast,https://www.aidedd.org/dnd/monstres.php?vo=ghast,Ghast,Medium,2,https://www.aidedd.org/dnd/images/ghast.jpg,https://www.aidedd.org/dnd/images/ghast.jpg,,,,,,,
ghost,https://www.aidedd.org/dnd/monstres.php?vo=ghost,Ghost,Medium,4,https://www.aidedd.org/dnd/images/ghost.jpg,https://www.aidedd.org/dnd/images/ghost.jpg,,,,,,,
ghoul,https://www.aidedd.org/dnd/monstres.php?vo=ghoul,Ghoul,Medium,1,https://www.aidedd.org/dnd/images/ghoul.jpg,https://www.aidedd.org/dnd/images/ghoul.jpg,,,,,,,
giant-ape,https://www.aidedd.org/dnd/monstres.php?vo=giant-ape,Giant Ape,Huge,7,https://www.aidedd.org/dnd/images/giant-ape.jpg,https://www.aidedd.org/dnd/images/giant-ape.jpg,,,,,,,
giant-badger,https://www.aidedd.org/dnd/monstres.php?vo=giant-badger,Giant Badger,Medium,0.25,https://www.aidedd.org/dnd/images/giant-badger.jpg,https://www.aidedd.org/dnd/images/giant-badger.jpg,,,,,,,
giant-bat,https://www.aidedd.org/dnd/monstres.php?vo=giant-bat,Giant Bat,Large,0.25,https://www.aidedd.org/dnd/images/giant-bat.jpg,https://www.aidedd.org/dnd/images/giant-bat.jpg,,,,,,,
giant-boar,https://www.aidedd.org/dnd/monstres.php?vo=giant-boar,Giant Boar,Large,2,https://www.aidedd.org/dnd/images/giant-boar.jpg,https://www.aidedd.org/dnd/images/giant-boar.jpg,,,,,,,
giant-centipede,https://www.aidedd.org/dnd/monstres.php?vo=giant-centipede,Giant Centipede,Small,0.25,https://www.aidedd.org/dnd/images/giant-centipede.jpg,https://www.aidedd.org/dnd/images/giant-centipede.jpg,,,,,,,
giant-constrictor-snake,https://www.aidedd.org/dnd/monstres.php?vo=giant-constrictor-snake,Giant Constrictor Snake,Huge,2,https://www.aidedd.org/dnd/images/giant-constrictor-snake.jpg,https://www.aidedd.org/dnd/images/giant-constrictor-snake.jpg,,,,,,,
giant-crab,https://www.aidedd.org/dnd/monstres.php?vo=giant-crab,Giant Crab,Medium,0.25,https://www.aidedd.org/dnd/images/giant-crab.jpg,https://www.aidedd.org/dnd/images/giant-crab.jpg,,,,,,,
giant-crocodile,https://www.aidedd.org/dnd/monstres.php?vo=giant-crocodile,Giant Crocodile,Huge,5,https://www.aidedd.org/dnd/images/giant-crocodile.jpg,https://www.aidedd.org/dnd/images/giant-crocodile.jpg,,,,,,,
giant-eagle,https://www.aidedd.org/dnd/monstres.php?vo=giant-eagle,Giant Eagle,Large,1,https://www.aidedd.org/dnd/images/giant-eagle.jpg,https://www.aidedd.org/dnd/images/giant-eagle.jpg,,,,,,,
giant-elk,https://www.aidedd.org/dnd/monstres.php?vo=giant-elk,Giant Elk,Huge,2,https://www.aidedd.org/dnd/images/giant-elk.jpg,https://www.aidedd.org/dnd/images/giant-elk.jpg,,,,,,,
giant-fire-beetle,https://www.aidedd.org/dnd/monstres.php?vo=giant-fire-beetle,Giant Fire Beetle,Small,0,https://www.aidedd.org/dnd/images/giant-fire-beetle.jpg,https://www.aidedd.org/dnd/images/giant-fire-beetle.jpg,,,,,,,
giant-frog,https://www.aidedd.org/dnd/monstres.php?vo=giant-frog,Giant Frog,Medium,0.25,https://www.aidedd.org/dnd/images/giant-frog.jpg,https://www.aidedd.org/dnd/images/giant-frog.jpg,,,,,,,
giant-goat,https://www.aidedd.org/dnd/monstres.php?vo=giant-goat,Giant Goat,Large,0.25,https://www.aidedd.org/dnd/images/giant-goat.jpg,https://www.aidedd.org/dnd/images/giant-goat.jpg,,,,,,,
giant-hyena,https://www.aidedd.org/dnd/monstres.php?vo=giant-hyena,Giant Hyena,Large,1,https://www.aidedd.org/dnd/images/giant-hyena.jpg,https://www.aidedd.org/dnd/images/giant-hyena.jpg,,,,,,,
giant-lizard,https://www.aidedd.org/dnd/monstres.php?vo=giant-lizard,Giant Lizard,Large,0.25,https://www.aidedd.org/dnd/images/giant-lizard.jpg,https://www.aidedd.org/dnd/images/giant-lizard.jpg,,,,,,,
giant-octopus,https://www.aidedd.org/dnd/monstres.php?vo=giant-octopus,Giant Octopus,Large,1,https://www.aidedd.org/dnd/images/giant-octopus.jpg,https://www.aidedd.org/dnd/images/giant-octopus.jpg,,,,,,,
giant-owl,https://www.aidedd.org/dnd/monstres.php?vo=giant-owl,Giant Owl,Large,0.25,https://www.aidedd.org/dnd/images/giant-owl.jpg,https://www.aidedd.org/dnd/images/giant-owl.jpg,,,,,,,
giant-poisonous-snake,https://www.aidedd.org/dnd/monstres.php?vo=giant-poisonous-snake,Giant Poisonous Snake,Medium,0.25,https://www.aidedd.org/dnd/images/giant-poisonous-snake.jpg,https://www.aidedd.org/dnd/images/giant-poisonous-snake.jpg,,,,,,,
giant-rat,https://www.aidedd.org/dnd/monstres.php?vo=giant-rat,Giant Rat,Small,0.13,https://www.aidedd.org/dnd/images/giant-rat.jpg,https://www.aidedd.org/dnd/images/giant-rat.jpg,,,,,,,
giant-scorpion,https://www.aidedd.org/dnd/monstres.php?vo=giant-scorpion,Giant Scorpion,Large,3,https://www.aidedd.org/dnd/images/giant-scorpion.jpg,https://www.aidedd.org/dnd/images/giant-scorpion.jpg,,,,,,,
giant-sea-horse,https://www.aidedd.org/dnd/monstres.php?vo=giant-sea-horse,Giant Sea Horse,Large,0.5,https://www.aidedd.org/dnd/images/giant-sea-horse.jpg,https://www.aidedd.org/dnd/images/giant-sea-horse.jpg,,,,,,,
giant-shark,https://www.aidedd.org/dnd/monstres.php?vo=giant-shark,Giant Shark,Huge,5,https://www.aidedd.org/dnd/images/giant-shark.jpg,https://www.aidedd.org/dnd/images/giant-shark.jpg,,,,,,,
giant-spider,https://www.aidedd.org/dnd/monstres.php?vo=giant-spider,Giant Spider,Large,1,https://www.aidedd.org/dnd/images/giant-spider.jpg,https://www.aidedd.org/dnd/images/giant-spider.jpg,,,,,,,
giant-toad,https://www.aidedd.org/dnd/monstres.php?vo=giant-toad,Giant Toad,Large,1,https://www.aidedd.org/dnd/images/giant-toad.jpg,https://www.aidedd.org/dnd/images/giant-toad.jpg,,,,,,,
giant-two-headed-goat,https://www.aidedd.org/dnd/monstres.php?vo=giant-two-headed-goat,Giant Two Headed Goat,Large,0.5,https://www.aidedd.org/dnd/images/giant-two-headed-goat.jpg,https://www.aidedd.org/dnd/images/giant-two-headed-goat.jpg,,,,,,,
giant-vulture,https://www.aidedd.org/dnd/monstres.php?vo=giant-vulture,Giant Vulture,Large,1,https://www.aidedd.org/dnd/images/giant-vulture.jpg,https://www.aidedd.org/dnd/images/giant-vulture.jpg,,,,,,,
giant-wasp,https://www.aidedd.org/dnd/monstres.php?vo=giant-wasp,Giant Wasp,Medium,0.5,https://www.aidedd.org/dnd/images/giant-wasp.jpg,https://www.aidedd.org/dnd/images/giant-wasp.jpg,,,,,,,
giant-weasel,https://www.aidedd.org/dnd/monstres.php?vo=giant-weasel,Giant Weasel,Medium,0.13,https://www.aidedd.org/dnd/images/giant-weasel.jpg,https://www.aidedd.org/dnd/images/giant-weasel.jpg,,,,,,,
giant-wolf-spider,https://www.aidedd.org/dnd/monstres.php?vo=giant-wolf-spider,Giant Wolf Spider,Medium,0.25,https://www.aidedd.org/dnd/images/giant-wolf-spider.jpg,https://www.aidedd.org/dnd/images/giant-wolf-spider.jpg,,,,,,,
gibbering-mouther,https://www.aidedd.org/dnd/monstres.php?vo=gibbering-mouther,Gibbering Mouther,Medium,2,https://www.aidedd.org/dnd/images/gibbering-mouther.jpg,https://www.aidedd.org/dnd/images/gibbering-mouther.jpg,,,,,,,
glabrezu,https://www.aidedd.org/dnd/monstres.php?vo=glabrezu,Glabrezu,Large,9,https://www.aidedd.org/dnd/images/glabrezu.jpg,https://www.aidedd.org/dnd/images/glabrezu.jpg,,,,,,,
gladiator,https://www.aidedd.org/dnd/monstres.php?vo=gladiator,Gladiator,Medium,5,https://www.aidedd.org/dnd/images/gladiator.jpg,https://www.aidedd.org/dnd/images/gladiator.jpg,,,,,,,
gnoll,https://www.aidedd.org/dnd/monstres.php?vo=gnoll,Gnoll,Medium,0.5,https://www.aidedd.org/dnd/images/gnoll.jpg,https://www.aidedd.org/dnd/images/gnoll.jpg,,,,,,,
gnoll-pack-lord,https://www.aidedd.org/dnd/monstres.php?vo=gnoll-pack-lord,Gnoll Pack Lord,Medium,2,https://www.aidedd.org/dnd/images/gnoll-pack-lord.jpg,https://www.aidedd.org/dnd/images/gnoll-pack-lord.jpg,,,,,,,
goat,https://www.aidedd.org/dnd/monstres.php?vo=goat,Goat,Medium,0,https://www.aidedd.org/dnd/images/goat.jpg,https://www.aidedd.org/dnd/images/goat.jpg,,,,,,,
goblin,https://www.aidedd.org/dnd/monstres.php?vo=goblin,Goblin,Small,0.13,https://www.aidedd.org/dnd/images/goblin.jpg,https://www.aidedd.org/dnd/images/goblin.jpg,,,,,,,
gold-dragon-wyrmling,https://www.aidedd.org/dnd/monstres.php?vo=gold-dragon-wyrmling,Gold Dragon Wyrmling,Medium,3,https://www.aidedd.org/dnd/images/gold-dragon-wyrmling.jpg,https://www.aidedd.org/dnd/images/gold-dragon-wyrmling.jpg,,,,,,,
gorgon,https://www.aidedd.org/dnd/monstres.php?vo=gorgon,Gorgon,Large,5,https://www.aidedd.org/dnd/images/gorgon.jpg,https://www.aidedd.org/dnd/images/gorgon.jpg,,,,,,,
gray-ooze,https://www.aidedd.org/dnd/monstres.php?vo=gray-ooze,Gray Ooze,Medium,0.5,https://www.aidedd.org/dnd/images/gray-ooze.jpg,https://www.aidedd.org/dnd/images/gray-ooze.jpg,,,,,,,
green-dragon-wyrmling,https://www.aidedd.org/dnd/monstres.php?vo=green-dragon-wyrmling,Green Dragon Wyrmling,Medium,2,https://www.aidedd.org/dnd/images/green-dragon-wyrmling.jpg,https://www.aidedd.org/dnd/images/green-dragon-wyrmling.jpg,,,,,,,
green-hag,https://www.aidedd.org/dnd/monstres.php?vo=green-hag,Green Hag,Medium,3,https://www.aidedd.org/dnd/images/green-hag.jpg,https://www.aidedd.org/dnd/images/green-hag.jpg,,,,,,,
grell,https://www.aidedd.org/dnd/monstres.php?vo=grell,Grell,Medium,3,https://www.aidedd.org/dnd/images/grell.jpg,https://www.aidedd.org/dnd/images/grell.jpg,,,,,,,
grick,https://www.aidedd.org/dnd/monstres.php?vo=grick,Grick,Medium,2,https://www.aidedd.org/dnd/images/grick.jpg,https://www.aidedd.org/dnd/images/grick.jpg,,,,,,,
griffon,https://www.aidedd.org/dnd/monstres.php?vo=griffon,Griffon,Large,2,https://www.aidedd.org/dnd/images/griffon.jpg,https://www.aidedd.org/dnd/images/griffon.jpg,,,,,,,
grimlock,https://www.aidedd.org/dnd/monstres.php?vo=grimlock,Grimlock,Medium,0.25,https://www.aidedd.org/dnd/images/grimlock.jpg,https://www.aidedd.org/dnd/images/grimlock.jpg,,,,,,,
guard,https://www.aidedd.org/dnd/monstres.php?vo=guard,Guard,Medium,0.13,https://www.aidedd.org/dnd/images/guard.jpg,https://www.aidedd.org/dnd/images/guard.jpg,,,,,,,
guardian-naga,https://www.aidedd.org/dnd/monstres.php?vo=guardian-naga,Guardian Naga,Large,10,https://www.aidedd.org/dnd/images/guardian-naga.jpg,https://www.aidedd.org/dnd/images/guardian-naga.jpg,,,,,,,
gynosphinx,https://www.aidedd.org/dnd/monstres.php?vo=gynosphinx,Gynosphinx,Large,11,https://www.aidedd.org/dnd/images/gynosphinx.jpg,https://www.aidedd.org/dnd/images/gynosphinx.jpg,,,,,,,
half-ogre,https://www.aidedd.org/dnd/monstres.php?vo=half-ogre,Half Ogre,Large,1,https://www.aidedd.org/dnd/images/half-ogre.jpg,https://www.aidedd.org/dnd/images/half-ogre.jpg,,,,,,,
half-red-dragon-veteran,https://www.aidedd.org/dnd/monstres.php?vo=half-red-dragon-veteran,Half Red Dragon Veteran,Medium,5,https://www.aidedd.org/dnd/images/half-red-dragon-veteran.jpg,https://www.aidedd.org/dnd/images/half-red-dragon-veteran.jpg,,,,,,,
harpy,https://www.aidedd.org/dnd/monstres.php?vo=harpy,Harpy,Medium,1,https://www.aidedd.org/dnd/images/harpy.jpg,https://www.aidedd.org/dnd/images/harpy.jpg,,,,,,,
hawk,https://www.aidedd.org/dnd/monstres.php?vo=hawk,Hawk,Tiny,0,https://www.aidedd.org/dnd/images/hawk.jpg,https://www.aidedd.org/dnd/images/hawk.jpg,,,,,,,
hell-hound,https://www.aidedd.org/dnd/monstres.php?vo=hell-hound,Hell Hound,Medium,3,https://www.aidedd.org/dnd/images/hell-hound.jpg,https://www.aidedd.org/dnd/images/hell-hound.jpg,,,,,,,
helmed-horror,https://www.aidedd.org/dnd/monstres.php?vo=helmed-horror,Helmed Horror,Medium,4,https://www.aidedd.org/dnd/images/helmed-horror.jpg,https://www.aidedd.org/dnd/images/helmed-horror.jpg,,,,,,,
hezrou,https://www.aidedd.org/dnd/monstres.php?vo=hezrou,Hezrou,Large,8,https://www.aidedd.org/dnd/images/hezrou.jpg,https://www.aidedd.org/dnd/images/hezrou.jpg,,,,,,,
hill-giant,https://www.aidedd.org/dnd/monstres.php?vo=hill-giant,Hill Giant,Huge,5,https://www.aidedd.org/dnd/images/hill-giant.jpg,https://www.aidedd.org/dnd/images/hill-giant.jpg,,,,,,,
hippogriff,https://www.aidedd.org/dnd/monstres.php?vo=hippogriff,Hippogriff,Large,1,https://www.aidedd.org/dnd/images/hippogriff.jpg,https://www.aidedd.org/dnd/images/hippogriff.jpg,,,,,,,
hobgoblin,https://www.aidedd.org/dnd/monstres.php?vo=hobgoblin,Hobgoblin,Medium,0.5,https://www.aidedd.org/dnd/images/hobgoblin.jpg,https://www.aidedd.org/dnd/images/hobgoblin.jpg,,,,,,,
hobgoblin-captain,https://www.aidedd.org/dnd/monstres.php?vo=hobgoblin-captain,Hobgoblin Captain,Medium,3,https://www.aidedd.org/dnd/images/hobgoblin-captain.jpg,https://www.aidedd.org/dnd/images/hobgoblin-captain.jpg,,,,,,,
hobgoblin-iron-shadow,https://www.aidedd.org/dnd/monstres.php?vo=hobgoblin-iron-shadow,Hobgoblin Iron Shadow,Medium,2,https://www.aidedd.org/dnd/images/hobgoblin-iron-shadow.jpg,https://www.aidedd.org/dnd/images/hobgoblin-iron-shadow.jpg,,,,,,,
homunculus,https://www.aidedd.org/dnd/monstres.php?vo=homunculus,Homunculus,Tiny,0,https://www.aidedd.org/dnd/images/homunculus.jpg,https://www.aidedd.org/dnd/images/homunculus.jpg,,,,,,,
hook-horror,https://www.aidedd.org/dnd/monstres.php?vo=hook-horror,Hook Horror,Large,3,https://www.aidedd.org/dnd/images/hook-horror.jpg,https://www.aidedd.org/dnd/images/hook-horror.jpg,,,,,,,
horned-devil,https://www.aidedd.org/dnd/monstres.php?vo=horned-devil,Horned Devil,Large,11,https://www.aidedd.org/dnd/images/horned-devil.jpg,https://www.aidedd.org/dnd/images/horned-devil.jpg,,,,,,,
hunter-shark,https://www.aidedd.org/dnd/monstres.php?vo=hunter-shark,Hunter Shark,Large,2,https://www.aidedd.org/dnd/images/hunter-shark.jpg,https://www.aidedd.org/dnd/images/hunter-shark.jpg,,,,,,,
hydra,https://www.aidedd.org/dnd/monstres.php?vo=hydra,Hydra,Huge,8,https://www.aidedd.org/dnd/images/hydra.jpg,https://www.aidedd.org/dnd/images/hydra.jpg,,,,,,,
hyena,https://www.aidedd.org/dnd/monstres.php?vo=hyena,Hyena,Medium,0,https://www.aidedd.org/dnd/images/hyena.jpg,https://www.aidedd.org/dnd/images/hyena.jpg,,,,,,,
ice-devil,https://www.aidedd.org/dnd/monstres.php?vo=ice-devil,Ice Devil,Large,14,https://www.aidedd.org/dnd/images/ice-devil.jpg,https://www.aidedd.org/dnd/images/ice-devil.jpg,,,,,,,
ice-mephit,https://www.aidedd.org/dnd/monstres.php?vo=ice-mephit,Ice Mephit,Small,0.5,https://www.aidedd.org/dnd/images/ice-mephit.jpg,https://www.aidedd.org/dnd/images/ice-mephit.jpg,,,,,,,
imp,https://www.aidedd.org/dnd/monstres.php?vo=imp,Imp,Tiny,1,https://www.aidedd.org/dnd/images/imp.jpg,https://www.aidedd.org/dnd/images/imp.jpg,,,,,,,
invisible-stalker,https://www.aidedd.org/dnd/monstres.php?vo=invisible-stalker,Invisible Stalker,Medium,6,https://www.aidedd.org/dnd/images/invisible-stalker.jpg,https://www.aidedd.org/dnd/images/invisible-stalker.jpg,,,,,,,
iron-golem,https://www.aidedd.org/dnd/monstres.php?vo=iron-golem,Iron Golem,Large,16,https://www.aidedd.org/dnd/images/iron-golem.jpg,https://www.aidedd.org/dnd/images/iron-golem.jpg,,,,,,,
jackal,https://www.aidedd.org/dnd/monstres.php?vo=jackal,Jackal,Small,0,https://www.aidedd.org/dnd/images/jackal.jpg,https://www.aidedd.org/dnd/images/jackal.jpg,,,,,,,
jackalwere,https://www.aidedd.org/dnd/monstres.php?vo=jackalwere,Jackalwere,Medium,0.5,https://www.aidedd.org/dnd/images/jackalwere.jpg,https://www.aidedd.org/dnd/images/jackalwere.jpg,,,,,,,
kenku,https://www.aidedd.org/dnd/monstres.php?vo=kenku,Kenku,Medium,0.25,https://www.aidedd.org/dnd/images/kenku.jpg,https://www.aidedd.org/dnd/images/kenku.jpg,,,,,,,
killer-whale,https://www.aidedd.org/dnd/monstres.php?vo=killer-whale,Killer Whale,Huge,3,https://www.aidedd.org/dnd/images/killer-whale.jpg,https://www.aidedd.org/dnd/images/killer-whale.jpg,,,,,,,
knight,https://www.aidedd.org/dnd/monstres.php?vo=knight,Knight,Medium,3,https://www.aidedd.org/dnd/images/knight.jpg,https://www.aidedd.org/dnd/images/knight.jpg,,,,,,,
kobold,https://www.aidedd.org/dnd/monstres.php?vo=kobold,Kobold,Small,0.13,https://www.aidedd.org/dnd/images/kobold.jpg,https://www.aidedd.org/dnd/images/kobold.jpg,,,,,,,
kobold-inventor,https://www.aidedd.org/dnd/monstres.php?vo=kobold-inventor,Kobold Inventor,Small,0.25,https://www.aidedd.org/dnd/images/kobold-inventor.jpg,https://www.aidedd.org/dnd/images/kobold-inventor.jpg,,,,,,,
kraken,https://www.aidedd.org/dnd/monstres.php?vo=kraken,Kraken,Gargantuan,23,https://www.aidedd.org/dnd/images/kraken.jpg,https://www.aidedd.org/dnd/images/kraken.jpg,,,,,,,
kuo-toa,https://www.aidedd.org/dnd/monstres.php?vo=kuo-toa,Kuo Toa,Medium,0.25,https://www.aidedd.org/dnd/images/kuo-toa.jpg,https://www.aidedd.org/dnd/images/kuo-toa.jpg,,,,,,,
kuo-toa-archpriest,https://www.aidedd.org/dnd/monstres.php?vo=kuo-toa-archpriest,Kuo Toa Archpriest,Medium,6,https://www.aidedd.org/dnd/images/kuo-toa-archpriest.jpg,https://www.aidedd.org/dnd/images/kuo-toa-archpriest.jpg,,,,,,,
kuo-toa-whip,https://www.aidedd.org/dnd/monstres.php?vo=kuo-toa-whip,Kuo Toa Whip,Medium,1,https://www.aidedd.org/dnd/images/kuo-toa-whip.jpg,https://www.aidedd.org/dnd/images/kuo-toa-whip.jpg,,,,,,,
laeral-silverhand,https://www.aidedd.org/dnd/monstres.php?vo=laeral-silverhand,Laeral Silverhand,Medium,17,https://www.aidedd.org/dnd/images/laeral-silverhand.jpg,https://www.aidedd.org/dnd/images/laeral-silverhand.jpg,,,,,,,
lamia,https://www.aidedd.org/dnd/monstres.php?vo=lamia,Lamia,Large,4,https://www.aidedd.org/dnd/images/lamia.jpg,https://www.aidedd.org/dnd/images/lamia.jpg,,,,,,,
lemure,https://www.aidedd.org/dnd/monstres.php?vo=lemure,Lemure,Medium,0,https://www.aidedd.org/dnd/images/lemure.jpg,https://www.aidedd.org/dnd/images/lemure.jpg,,,,,,,
lich,https://www.aidedd.org/dnd/monstres.php?vo=lich,Lich,Medium,21,https://www.aidedd.org/dnd/images/lich.jpg,https://www.aidedd.org/dnd/images/lich.jpg,,,,,,,
lion,https://www.aidedd.org/dnd/monstres.php?vo=lion,Lion,Large,1,https://www.aidedd.org/dnd/images/lion.jpg,https://www.aidedd.org/dnd/images/lion.jpg,,,,,,,
lizard,https://www.aidedd.org/dnd/monstres.php?vo=lizard,Lizard,Tiny,0,https://www.aidedd.org/dnd/images/lizard.jpg,https://www.aidedd.org/dnd/images/lizard.jpg,,,,,,,
lizard-king-queen,https://www.aidedd.org/dnd/monstres.php?vo=lizard-king-queen,Lizard King Queen,Medium,4,https://www.aidedd.org/dnd/images/lizard-king-queen.jpg,https://www.aidedd.org/dnd/images/lizard-king-queen.jpg,,,,,,,
lizardfolk,https://www.aidedd.org/dnd/monstres.php?vo=lizardfolk,Lizardfolk,Medium,0.5,https://www.aidedd.org/dnd/images/lizardfolk.jpg,https://www.aidedd.org/dnd/images/lizardfolk.jpg,,,,,,,
lizardfolk-shaman,https://www.aidedd.org/dnd/monstres.php?vo=lizardfolk-shaman,Lizardfolk Shaman,Medium,2,https://www.aidedd.org/dnd/images/lizardfolk-shaman.jpg,https://www.aidedd.org/dnd/images/lizardfolk-shaman.jpg,,,,,,,
mage,https://www.aidedd.org/dnd/monstres.php?vo=mage,Mage,Medium,6,https://www.aidedd.org/dnd/images/mage.jpg,https://www.aidedd.org/dnd/images/mage.jpg,,,,,,,
magma-mephit,https://www.aidedd.org/dnd/monstres.php?vo=magma-mephit,Magma Mephit,Small,0.5,https://www.aidedd.org/dnd/images/magma-mephit.jpg,https://www.aidedd.org/dnd/images/magma-mephit.jpg,,,,,,,
magmin,https://www.aidedd.org/dnd/monstres.php?vo=magmin,Magmin,Small,0.5,https://www.aidedd.org/dnd/images/magmin.jpg,https://www.aidedd.org/dnd/images/magmin.jpg,,,,,,,
mammoth,https://www.aidedd.org/dnd/monstres.php?vo=mammoth,Mammoth,Huge,6,https://www.aidedd.org/dnd/images/mammoth.jpg,https://www.aidedd.org/dnd/images/mammoth.jpg,,,,,,,
manticore,https://www.aidedd.org/dnd/monstres.php?vo=manticore,Manticore,Large,3,https://www.aidedd.org/dnd/images/manticore.jpg,https://www.aidedd.org/dnd/images/manticore.jpg,,,,,,,
marilith,https://www.aidedd.org/dnd/monstres.php?vo=marilith,Marilith,Large,16,https://www.aidedd.org/dnd/images/marilith.jpg,https://www.aidedd.org/dnd/images/marilith.jpg,,,,,,,
mastiff,https://www.aidedd.org/dnd/monstres.php?vo=mastiff,Mastiff,Medium,0.13,https://www.aidedd.org/dnd/images/mastiff.jpg,https://www.aidedd.org/dnd/images/mastiff.jpg,,,,,,,
medusa,https://www.aidedd.org/dnd/monstres.php?vo=medusa,Medusa,Medium,6,https://www.aidedd.org/dnd/images/medusa.jpg,https://www.aidedd.org/dnd/images/medusa.jpg,,,,,,,
merfolk,https://www.aidedd.org/dnd/monstres.php?vo=merfolk,Merfolk,Medium,0.13,https://www.aidedd.org/dnd/images/merfolk.jpg,https://www.aidedd.org/dnd/images/merfolk.jpg,,,,,,,
merrow,https://www.aidedd.org/dnd/monstres.php?vo=merrow,Merrow,Large,2,https://www.aidedd.org/dnd/images/merrow.jpg,https://www.aidedd.org/dnd/images/merrow.jpg,,,,,,,
mezzoloth,https://www.aidedd.org/dnd/monstres.php?vo=mezzoloth,Mezzoloth,Medium,5,https://www.aidedd.org/dnd/images/mezzoloth.jpg,https://www.aidedd.org/dnd/images/mezzoloth.jpg,,,,,,,
mimic,https://www.aidedd.org/dnd/monstres.php?vo=mimic,Mimic,Medium,2,https://www.aidedd.org/dnd/images/mimic.jpg,https://www.aidedd.org/dnd/images/mimic.jpg,,,,,,,
mindwitness,https://www.aidedd.org/dnd/monstres.php?vo=mindwitness,Mindwitness,Large,5,https://www.aidedd.org/dnd/images/mindwitness.jpg,https://www.aidedd.org/dnd/images/mindwitness.jpg,,,,,,,
minotaur,https://www.aidedd.org/dnd/monstres.php?vo=minotaur,Minotaur,Large,3,https://www.aidedd.org/dnd/images/minotaur.jpg,https://www.aidedd.org/dnd/images/minotaur.jpg,,,,,,,
minotaur-skeleton,https://www.aidedd.org/dnd/monstres.php?vo=minotaur-skeleton,Minotaur Skeleton,Large,2,https://www.aidedd.org/dnd/images/minotaur-skeleton.jpg,https://www.aidedd.org/dnd/images/minotaur-skeleton.jpg,,,,,,,
moloch,https://www.aidedd.org/dnd/monstres.php?vo=moloch,Moloch,Large,21,https://www.aidedd.org/dnd/images/moloch.jpg,https://www.aidedd.org/dnd/images/moloch.jpg,,,,,,,
mud-mephit,https://www.aidedd.org/dnd/monstres.php?vo=mud-mephit,Mud Mephit,Small,0.25,https://www.aidedd.org/dnd/images/mud-mephit.jpg,https://www.aidedd.org/dnd/images/mud-mephit.jpg,,,,,,,
mule,https://www.aidedd.org/dnd/monstres.php?vo=mule,Mule,Medium,0.13,https://www.aidedd.org/dnd/images/mule.jpg,https://www.aidedd.org/dnd/images/mule.jpg,,,,,,,
mummified-warrior,https://www.aidedd.org/dnd/monstres.php?vo=mummified-warrior,Mummified Warrior,Medium,0.25,https://www.aidedd.org/dnd/images/mummified-warrior.jpg,https://www.aidedd.org/dnd/images/mummified-warrior.jpg,,,,,,,
mummy,https://www.aidedd.org/dnd/monstres.php?vo=mummy,Mummy,Medium,3,https://www.aidedd.org/dnd/images/mummy.jpg,https://www.aidedd.org/dnd/images/mummy.jpg,,,,,,,
mummy-lord,https://www.aidedd.org/dnd/monstres.php?vo=mummy-lord,Mummy Lord,Medium,15,https://www.aidedd.org/dnd/images/mummy-lord.jpg,https://www.aidedd.org/dnd/images/mummy-lord.jpg,,,,,,,
nalfeshnee,https://www.aidedd.org/dnd/monstres.php?vo=nalfeshnee,Nalfeshnee,Large,13,https://www.aidedd.org/dnd/images/nalfeshnee.jpg,https://www.aidedd.org/dnd/images/nalfeshnee.jpg,,,,,,,
narzugon,https://www.aidedd.org/dnd/monstres.php?vo=narzugon,Narzugon,Medium,13,https://www.aidedd.org/dnd/images/narzugon.jpg,https://www.aidedd.org/dnd/images/narzugon.jpg,,,,,,,
night-hag,https://www.aidedd.org/dnd/monstres.php?vo=night-hag,Night Hag,Medium,5,https://www.aidedd.org/dnd/images/night-hag.jpg,https://www.aidedd.org/dnd/images/night-hag.jpg,,,,,,,
nightmare,https://www.aidedd.org/dnd/monstres.php?vo=nightmare,Nightmare,Large,3,https://www.aidedd.org/dnd/images/nightmare.jpg,https://www.aidedd.org/dnd/images/nightmare.jpg,,,,,,,
nilbog,https://www.aidedd.org/dnd/monstres.php?vo=nilbog,Nilbog,Small,1,https://www.aidedd.org/dnd/images/nilbog.jpg,https://www.aidedd.org/dnd/images/nilbog.jpg,,,,,,,
noble,https://www.aidedd.org/dnd/monstres.php?vo=noble,Noble,Medium,0.13,https://www.aidedd.org/dnd/images/noble.jpg,https://www.aidedd.org/dnd/images/noble.jpg,,,,,,,
nothic,https://www.aidedd.org/dnd/monstres.php?vo=nothic,Nothic,Medium,2,https://www.aidedd.org/dnd/images/nothic.jpg,https://www.aidedd.org/dnd/images/nothic.jpg,,,,,,,
nycaloth,https://www.aidedd.org/dnd/monstres.php?vo=nycaloth,Nycaloth,Large,9,https://www.aidedd.org/dnd/images/nycaloth.jpg,https://www.aidedd.org/dnd/images/nycaloth.jpg,,,,,,,
ochre-jelly,https://www.aidedd.org/dnd/monstres.php?vo=ochre-jelly,Ochre Jelly,Large,2,https://www.aidedd.org/dnd/images/ochre-jelly.jpg,https://www.aidedd.org/dnd/images/ochre-jelly.jpg,,,,,,,
octopus,https://www.aidedd.org/dnd/monstres.php?vo=octopus,Octopus,Small,0,https://www.aidedd.org/dnd/images/octopus.jpg,https://www.aidedd.org/dnd/images/octopus.jpg,,,,,,,
ogre,https://www.aidedd.org/dnd/monstres.php?vo=ogre,Ogre,Large,2,https://www.aidedd.org/dnd/images/ogre.jpg,https://www.aidedd.org/dnd/images/ogre.jpg,,,,,,,
ogre-zombie,https://www.aidedd.org/dnd/monstres.php?vo=ogre-zombie,Ogre Zombie,Large,2,https://www.aidedd.org/dnd/images/ogre-zombie.jpg,https://www.aidedd.org/dnd/images/ogre-zombie.jpg,,,,,,,
oni,https://www.aidedd.org/dnd/monstres.php?vo=oni,Oni,Large,7,https://www.aidedd.org/dnd/images/oni.jpg,https://www.aidedd.org/dnd/images/oni.jpg,,,,,,,
orc,https://www.aidedd.org/dnd/monstres.php?vo=orc,Orc,Medium,0.5,https://www.aidedd.org/dnd/images/orc.jpg,https://www.aidedd.org/dnd/images/orc.jpg,,,,,,,
orc-eye-of-gruumsh,https://www.aidedd.org/dnd/monstres.php?vo=orc-eye-of-gruumsh,Orc Eye Of Gruumsh,Medium,2,https://www.aidedd.org/dnd/images/orc-eye-of-gruumsh.jpg,https://www.aidedd.org/dnd/images/orc-eye-of-gruumsh.jpg,,,,,,,
orcus,https://www.aidedd.org/dnd/monstres.php?vo=orcus,Orcus,Huge,26,https://www.aidedd.org/dnd/images/orcus.jpg,https://www.aidedd.org/dnd/images/orcus.jpg,,,,,,,
orog,https://www.aidedd.org/dnd/monstres.php?vo=orog,Orog,Medium,2,https://www.aidedd.org/dnd/images/orog.jpg,https://www.aidedd.org/dnd/images/orog.jpg,,,,,,,
otyugh,https://www.aidedd.org/dnd/monstres.php?vo=otyugh,Otyugh,Large,5,https://www.aidedd.org/dnd/images/otyugh.jpg,https://www.aidedd.org/dnd/images/otyugh.jpg,,,,,,,
owl,https://www.aidedd.org/dnd/monstres.php?vo=owl,Owl,Tiny,0,https://www.aidedd.org/dnd/images/owl.jpg,https://www.aidedd.org/dnd/images/owl.jpg,,,,,,,
owlbear,https://www.aidedd.org/dnd/monstres.php?vo=owlbear,Owlbear,Large,3,https://www.aidedd.org/dnd/images/owlbear.jpg,https://www.aidedd.org/dnd/images/owlbear.jpg,,,,,,,
panther,https://www.aidedd.org/dnd/monstres.php?vo=panther,Panther,Medium,0.25,https://www.aidedd.org/dnd/images/panther.jpg,https://www.aidedd.org/dnd/images/panther.jpg,,,,,,,
pegasus,https://www.aidedd.org/dnd/monstres.php?vo=pegasus,Pegasus,Large,2,https://www.aidedd.org/dnd/images/pegasus.jpg,https://www.aidedd.org/dnd/images/pegasus.jpg,,,,,,,
peryton,https://www.aidedd.org/dnd/monstres.php?vo=peryton,Peryton,Medium,2,https://www.aidedd.org/dnd/images/peryton.jpg,https://www.aidedd.org/dnd/images/peryton.jpg,,,,,,,
phase-spider,https://www.aidedd.org/dnd/monstres.php?vo=phase-spider,Phase Spider,Large,3,https://www.aidedd.org/dnd/images/phase-spider.jpg,https://www.aidedd.org/dnd/images/phase-spider.jpg,,,,,,,
piercer,https://www.aidedd.org/dnd/monstres.php?vo=piercer,Piercer,Medium,0.5,https://www.aidedd.org/dnd/images/piercer.jpg,https://www.aidedd.org/dnd/images/piercer.jpg,,,,,,,
pit-fiend,https://www.aidedd.org/dnd/monstres.php?vo=pit-fiend,Pit Fiend,Large,20,https://www.aidedd.org/dnd/images/pit-fiend.jpg,https://www.aidedd.org/dnd/images/pit-fiend.jpg,,,,,,,
planetar,https://www.aidedd.org/dnd/monstres.php?vo=planetar,Planetar,Large,16,https://www.aidedd.org/dnd/images/planetar.jpg,https://www.aidedd.org/dnd/images/planetar.jpg,,,,,,,
plesiosaurus,https://www.aidedd.org/dnd/monstres.php?vo=plesiosaurus,Plesiosaurus,Large,2,https://www.aidedd.org/dnd/images/plesiosaurus.jpg,https://www.aidedd.org/dnd/images/plesiosaurus.jpg,,,,,,,
poisonous-snake,https://www.aidedd.org/dnd/monstres.php?vo=poisonous-snake,Poisonous Snake,Tiny,0.13,https://www.aidedd.org/dnd/images/poisonous-snake.jpg,https://www.aidedd.org/dnd/images/poisonous-snake.jpg,,,,,,,
polar-bear,https://www.aidedd.org/dnd/monstres.php?vo=polar-bear,Polar Bear,Large,2,https://www.aidedd.org/dnd/images/polar-bear.jpg,https://www.aidedd.org/dnd/images/polar-bear.jpg,,,,,,,
pony,https://www.aidedd.org/dnd/monstres.php?vo=pony,Pony,Medium,0.13,https://www.aidedd.org/dnd/images/pony.jpg,https://www.aidedd.org/dnd/images/pony.jpg,,,,,,,
priest,https://www.aidedd.org/dnd/monstres.php?vo=priest,Priest,Medium,2,https://www.aidedd.org/dnd/images/priest.jpg,https://www.aidedd.org/dnd/images/priest.jpg,,,,,,,
pseudodragon,https://www.aidedd.org/dnd/monstres.php?vo=pseudodragon,Pseudodragon,Tiny,0.25,https://www.aidedd.org/dnd/images/pseudodragon.jpg,https://www.aidedd.org/dnd/images/pseudodragon.jpg,,,,,,,
pteranodon,https://www.aidedd.org/dnd/monstres.php?vo=pteranodon,Pteranodon,Medium,0.25,https://www.aidedd.org/dnd/images/pteranodon.jpg,https://www.aidedd.org/dnd/images/pteranodon.jpg,,,,,,,
purple-worm,https://www.aidedd.org/dnd/monstres.php?vo=purple-worm,Purple Worm,Gargantuan,15,https://www.aidedd.org/dnd/images/purple-worm.jpg,https://www.aidedd.org/dnd/images/purple-worm.jpg,,,,,,,
quasit,https://www.aidedd.org/dnd/monstres.php?vo=quasit,Quasit,Tiny,1,https://www.aidedd.org/dnd/images/quasit.jpg,https://www.aidedd.org/dnd/images/quasit.jpg,,,,,,,
quetzalcoatlus,https://www.aidedd.org/dnd/monstres.php?vo=quetzalcoatlus,Quetzalcoatlus,Huge,2,https://www.aidedd.org/dnd/images/quetzalcoatlus.jpg,https://www.aidedd.org/dnd/images/quetzalcoatlus.jpg,,,,,,,
quipper,https://www.aidedd.org/dnd/monstres.php?vo=quipper,Quipper,Tiny,0,https://www.aidedd.org/dnd/images/quipper.jpg,https://www.aidedd.org/dnd/images/quipper.jpg,,,,,,,
rakshasa,https://www.aidedd.org/dnd/monstres.php?vo=rakshasa,Rakshasa,Medium,13,https://www.aidedd.org/dnd/images/rakshasa.jpg,https://www.aidedd.org/dnd/images/rakshasa.jpg,,,,,,,
rat,https://www.aidedd.org/dnd/monstres.php?vo=rat,Rat,Tiny,0,https://www.aidedd.org/dnd/images/rat.jpg,https://www.aidedd.org/dnd/images/rat.jpg,,,,,,,
raven,https://www.aidedd.org/dnd/monstres.php?vo=raven,Raven,Tiny,0,https://www.aidedd.org/dnd/images/raven.jpg,https://www.aidedd.org/dnd/images/raven.jpg,,,,,,,
red-dragon-wyrmling,https://www.aidedd.org/dnd/monstres.php?vo=red-dragon-wyrmling,Red Dragon Wyrmling,Medium,4,https://www.aidedd.org/dnd/images/red-dragon-wyrmling.jpg,https://www.aidedd.org/dnd/images/red-dragon-wyrmling.jpg,,,,,,,
reef-manta-ray,https://www.aidedd.org/dnd/monstres.php?vo=reef-manta-ray,Reef Manta Ray,Large,0.5,https://www.aidedd.org/dnd/images/reef-manta-ray.jpg,https://www.aidedd.org/dnd/images/reef-manta-ray.jpg,,,,,,,
reef-shark,https://www.aidedd.org/dnd/monstres.php?vo=reef-shark,Reef Shark,Medium,0.5,https://www.aidedd.org/dnd/images/reef-shark.jpg,https://www.aidedd.org/dnd/images/reef-shark.jpg,,,,,,,
remorhaz,https://www.aidedd.org/dnd/monstres.php?vo=remorhaz,Remorhaz,Huge,11,https://www.aidedd.org/dnd/images/remorhaz.jpg,https://www.aidedd.org/dnd/images/remorhaz.jpg,,,,,,,
revenant,https://www.aidedd.org/dnd/monstres.php?vo=revenant,Revenant,Medium,5,https://www.aidedd.org/dnd/images/revenant.jpg,https://www.aidedd.org/dnd/images/revenant.jpg,,,,,,,
rhinoceros,https://www.aidedd.org/dnd/monstres.php?vo=rhinoceros,Rhinoceros,Large,2,https://www.aidedd.org/dnd/images/rhinoceros.jpg,https://www.aidedd.org/dnd/images/rhinoceros.jpg,,,,,,,
riding-horse,https://www.aidedd.org/dnd/monstres.php?vo=riding-horse,Riding Horse,Large,0.25,https://www.aidedd.org/dnd/images/riding-horse.jpg,https://www.aidedd.org/dnd/images/riding-horse.jpg,,,,,,,
roc,https://www.aidedd.org/dnd/monstres.php?vo=roc,Roc,Gargantuan,11,https://www.aidedd.org/dnd/images/roc.jpg,https://www.aidedd.org/dnd/images/roc.jpg,,,,,,,
roper,https://www.aidedd.org/dnd/monstres.php?vo=roper,Roper,Large,5,https://www.aidedd.org/dnd/images/roper.jpg,https://www.aidedd.org/dnd/images/roper.jpg,,,,,,,
rug-of-smothering,https://www.aidedd.org/dnd/monstres.php?vo=rug-of-smothering,Rug Of Smothering,Large,2,https://www.aidedd.org/dnd/images/rug-of-smothering.jpg,https://www.aidedd.org/dnd/images/rug-of-smothering.jpg,,,,,,,
rust-monster,https://www.aidedd.org/dnd/monstres.php?vo=rust-monster,Rust Monster,Medium,0.5,https://www.aidedd.org/dnd/images/rust-monster.jpg,https://www.aidedd.org/dnd/images/rust-monster.jpg,,,,,,,
saber-toothed-tiger,https://www.aidedd.org/dnd/monstres.php?vo=saber-toothed-tiger,Saber Toothed Tiger,Large,2,https://www.aidedd.org/dnd/images/saber-toothed-tiger.jpg,https://www.aidedd.org/dnd/images/saber-toothed-tiger.jpg,,,,,,,
sahuagin,https://www.aidedd.org/dnd/monstres.php?vo=sahuagin,Sahuagin,Medium,0.5,https://www.aidedd.org/dnd/images/sahuagin.jpg,https://www.aidedd.org/dnd/images/sahuagin.jpg,,,,,,,
salamander,https://www.aidedd.org/dnd/monstres.php?vo=salamander,Salamander,Large,5,https://www.aidedd.org/dnd/images/salamander.jpg,https://www.aidedd.org/dnd/images/salamander.jpg,,,,,,,
satyr,https://www.aidedd.org/dnd/monstres.php?vo=satyr,Satyr,Medium,0.5,https://www.aidedd.org/dnd/images/satyr.jpg,https://www.aidedd.org/dnd/images/satyr.jpg,,,,,,,
scorpion,https://www.aidedd.org/dnd/monstres.php?vo=scorpion,Scorpion,Tiny,0,https://www.aidedd.org/dnd/images/scorpion.jpg,https://www.aidedd.org/dnd/images/scorpion.jpg,,,,,,,
scout,https://www.aidedd.org/dnd/monstres.php?vo=scout,Scout,Medium,0.5,https://www.aidedd.org/dnd/images/scout.jpg,https://www.aidedd.org/dnd/images/scout.jpg,,,,,,,
sea-hag,https://www.aidedd.org/dnd/monstres.php?vo=sea-hag,Sea Hag,Medium,2,https://www.aidedd.org/dnd/images/sea-hag.jpg,https://www.aidedd.org/dnd/images/sea-hag.jpg,,,,,,,
sea-horse,https://www.aidedd.org/dnd/monstres.php?vo=sea-horse,Sea Horse,Tiny,0,https://www.aidedd.org/dnd/images/sea-horse.jpg,https://www.aidedd.org/dnd/images/sea-horse.jpg,,,,,,,
shadow,https://www.aidedd.org/dnd/monstres.php?vo=shadow,Shadow,Medium,0.5,https://www.aidedd.org/dnd/images/shadow.jpg,https://www.aidedd.org/dnd/images/shadow.jpg,,,,,,,
shadow-demon,https://www.aidedd.org/dnd/monstres.php?vo=shadow-demon,Shadow Demon,Medium,4,https://www.aidedd.org/dnd/images/shadow-demon.jpg,https://www.aidedd.org/dnd/images/shadow-demon.jpg,,,,,,,
shambling-mound,https://www.aidedd.org/dnd/monstres.php?vo=shambling-mound,Shambling Mound,Large,5,https://www.aidedd.org/dnd/images/shambling-mound.jpg,https://www.aidedd.org/dnd/images/shambling-mound.jpg,,,,,,,
shield-guardian,https://www.aidedd.org/dnd/monstres.php?vo=shield-guardian,Shield Guardian,Large,7,https://www.aidedd.org/dnd/images/shield-guardian.jpg,https://www.aidedd.org/dnd/images/shield-guardian.jpg,,,,,,,
shrieker,https://www.aidedd.org/dnd/monstres.php?vo=shrieker,Shrieker,Medium,0,https://www.aidedd.org/dnd/images/shrieker.jpg,https://www.aidedd.org/dnd/images/shrieker.jpg,,,,,,,
sibriex,https://www.aidedd.org/dnd/monstres.php?vo=sibriex,Sibriex,Huge,18,https://www.aidedd.org/dnd/images/sibriex.jpg,https://www.aidedd.org/dnd/images/sibriex.jpg,,,,,,,
silver-dragon-wyrmling,https://www.aidedd.org/dnd/monstres.php?vo=silver-dragon-wyrmling,Silver Dragon Wyrmling,Medium,2,https://www.aidedd.org/dnd/images/silver-dragon-wyrmling.jpg,https://www.aidedd.org/dnd/images/silver-dragon-wyrmling.jpg,,,,,,,
skeleton,https://www.aidedd.org/dnd/monstres.php?vo=skeleton,Skeleton,Medium,0.25,https://www.aidedd.org/dnd/images/skeleton.jpg,https://www.aidedd.org/dnd/images/skeleton.jpg,,,,,,,
slithering-tracker,https://www.aidedd.org/dnd/monstres.php?vo=slithering-tracker,Slithering Tracker,Medium,3,https://www.aidedd.org/dnd/images/slithering-tracker.jpg,https://www.aidedd.org/dnd/images/slithering-tracker.jpg,,,,,,,
smoke-mephit,https://www.aidedd.org/dnd/monstres.php?vo=smoke-mephit,Smoke Mephit,Small,0.25,https://www.aidedd.org/dnd/images/smoke-mephit.jpg,https://www.aidedd.org/dnd/images/smoke-mephit.jpg,,,,,,,
solar,https://www.aidedd.org/dnd/monstres.php?vo=solar,Solar,Large,21,https://www.aidedd.org/dnd/images/solar.jpg,https://www.aidedd.org/dnd/images/solar.jpg,,,,,,,
spectator,https://www.aidedd.org/dnd/monstres.php?vo=spectator,Spectator,Medium,3,https://www.aidedd.org/dnd/images/spectator.jpg,https://www.aidedd.org/dnd/images/spectator.jpg,,,,,,,
specter,https://www.aidedd.org/dnd/monstres.php?vo=specter,Specter,Medium,1,https://www.aidedd.org/dnd/images/specter.jpg,https://www.aidedd.org/dnd/images/specter.jpg,,,,,,,
spider,https://www.aidedd.org/dnd/monstres.php?vo=spider,Spider,Tiny,0,https://www.aidedd.org/dnd/images/spider.jpg,https://www.aidedd.org/dnd/images/spider.jpg,,,,,,,
spirit-naga,https://www.aidedd.org/dnd/monstres.php?vo=spirit-naga,Spirit Naga,Large,8,https://www.aidedd.org/dnd/images/spirit-naga.jpg,https://www.aidedd.org/dnd/images/spirit-naga.jpg,,,,,,,
sprite,https://www.aidedd.org/dnd/monstres.php?vo=sprite,Sprite,Tiny,0.25,https://www.aidedd.org/dnd/images/sprite.jpg,https://www.aidedd.org/dnd/images/sprite.jpg,,,,,,,
spy,https://www.aidedd.org/dnd/monstres.php?vo=spy,Spy,Medium,1,https://www.aidedd.org/dnd/images/spy.jpg,https://www.aidedd.org/dnd/images/spy.jpg,,,,,,,
steam-mephit,https://www.aidedd.org/dnd/monstres.php?vo=steam-mephit,Steam Mephit,Small,0.25,https://www.aidedd.org/dnd/images/steam-mephit.jpg,https://www.aidedd.org/dnd/images/steam-mephit.jpg,,,,,,,
stirge,https://www.aidedd.org/dnd/monstres.php?vo=stirge,Stirge,Tiny,0.13,https://www.aidedd.org/dnd/images/stirge.jpg,https://www.aidedd.org/dnd/images/stirge.jpg,,,,,,,
stone-giant,https://www.aidedd.org/dnd/monstres.php?vo=stone-giant,Stone Giant,Huge,7,https://www.aidedd.org/dnd/images/stone-giant.jpg,https://www.aidedd.org/dnd/images/stone-giant.jpg,,,,,,,
stone-giant-dreamwalker,https://www.aidedd.org/dnd/monstres.php?vo=stone-giant-dreamwalker,Stone Giant Dreamwalker,Huge,10,https://www.aidedd.org/dnd/images/stone-giant-dreamwalker.jpg,https://www.aidedd.org/dnd/images/stone-giant-dreamwalker.jpg,,,,,,,
stone-golem,https://www.aidedd.org/dnd/monstres.php?vo=stone-golem,Stone Golem,Large,10,https://www.aidedd.org/dnd/images/stone-golem.jpg,https://www.aidedd.org/dnd/images/stone-golem.jpg,,,,,,,
storm-giant,https://www.aidedd.org/dnd/monstres.php?vo=storm-giant,Storm Giant,Huge,13,https://www.aidedd.org/dnd/images/storm-giant.jpg,https://www.aidedd.org/dnd/images/storm-giant.jpg,,,,,,,
succubus,https://www.aidedd.org/dnd/monstres.php?vo=succubus,Succubus,Medium,4,https://www.aidedd.org/dnd/images/succubus.jpg,https://www.aidedd.org/dnd/images/succubus.jpg,,,,,,,
swarm-of-bats,https://www.aidedd.org/dnd/monstres.php?vo=swarm-of-bats,Swarm Of Bats,Medium,0.25,https://www.aidedd.org/dnd/images/swarm-of-bats.jpg,https://www.aidedd.org/dnd/images/swarm-of-bats.jpg,,,,,,,
swarm-of-insects,https://www.aidedd.org/dnd/monstres.php?vo=swarm-of-insects,Swarm Of Insects,Medium,0.5,https://www.aidedd.org/dnd/images/swarm-of-insects.jpg,https://www.aidedd.org/dnd/images/swarm-of-insects.jpg,,,,,,,
swarm-of-poisonous-snakes,https://www.aidedd.org/dnd/monstres.php?vo=swarm-of-poisonous-snakes,Swarm Of Poisonous Snakes,Medium,2,https://www.aidedd.org/dnd/images/swarm-of-poisonous-snakes.jpg,https://www.aidedd.org/dnd/images/swarm-of-poisonous-snakes.jpg,,,,,,,
swarm-of-quippers,https://www.aidedd.org/dnd/monstres.php?vo=swarm-of-quippers,Swarm Of Quippers,Medium,1,https://www.aidedd.org/dnd/images/swarm-of-quippers.jpg,https://www.aidedd.org/dnd/images/swarm-of-quippers.jpg,,,,,,,
swarm-of-rats,https://www.aidedd.org/dnd/monstres.php?vo=swarm-of-rats,Swarm Of Rats,Medium,0.25,https://www.aidedd.org/dnd/images/swarm-of-rats.jpg,https://www.aidedd.org/dnd/images/swarm-of-rats.jpg,,,,,,,
swarm-of-ravens,https://www.aidedd.org/dnd/monstres.php?vo=swarm-of-ravens,Swarm Of Ravens,Medium,0.25,https://www.aidedd.org/dnd/images/swarm-of-ravens.jpg,https://www.aidedd.org/dnd/images/swarm-of-ravens.jpg,,,,,,,
swarm-of-rot-grubs,https://www.aidedd.org/dnd/monstres.php?vo=swarm-of-rot-grubs,Swarm Of Rot Grubs,Medium,0.5,https://www.aidedd.org/dnd/images/swarm-of-rot-grubs.jpg,https://www.aidedd.org/dnd/images/swarm-of-rot-grubs.jpg,,,,,,,
tanarukk,https://www.aidedd.org/dnd/monstres.php?vo=tanarukk,Tanarukk,Medium,5,https://www.aidedd.org/dnd/images/tanarukk.jpg,https://www.aidedd.org/dnd/images/tanarukk.jpg,,,,,,,
tarrasque,https://www.aidedd.org/dnd/monstres.php?vo=tarrasque,Tarrasque,Gargantuan,30,https://www.aidedd.org/dnd/images/tarrasque.jpg,https://www.aidedd.org/dnd/images/tarrasque.jpg,,,,,,,
thug,https://www.aidedd.org/dnd/monstres.php?vo=thug,Thug,Medium,0.5,https://www.aidedd.org/dnd/images/thug.jpg,https://www.aidedd.org/dnd/images/thug.jpg,,,,,,,
tiger,https://www.aidedd.org/dnd/monstres.php?vo=tiger,Tiger,Large,1,https://www.aidedd.org/dnd/images/tiger.jpg,https://www.aidedd.org/dnd/images/tiger.jpg,,,,,,,
treant,https://www.aidedd.org/dnd/monstres.php?vo=treant,Treant,Huge,9,https://www.aidedd.org/dnd/images/treant.jpg,https://www.aidedd.org/dnd/images/treant.jpg,,,,,,,
tribal-warrior,https://www.aidedd.org/dnd/monstres.php?vo=tribal-warrior,Tribal Warrior,Medium,0.13,https://www.aidedd.org/dnd/images/tribal-warrior.jpg,https://www.aidedd.org/dnd/images/tribal-warrior.jpg,,,,,,,
triceratops,https://www.aidedd.org/dnd/monstres.php?vo=triceratops,Triceratops,Huge,5,https://www.aidedd.org/dnd/images/triceratops.jpg,https://www.aidedd.org/dnd/images/triceratops.jpg,,,,,,,
troglodyte,https://www.aidedd.org/dnd/monstres.php?vo=troglodyte,Troglodyte,Medium,0.13,https://www.aidedd.org/dnd/images/troglodyte.jpg,https://www.aidedd.org/dnd/images/troglodyte.jpg,,,,,,,
troll,https://www.aidedd.org/dnd/monstres.php?vo=troll,Troll,Large,5,https://www.aidedd.org/dnd/images/troll.jpg,https://www.aidedd.org/dnd/images/troll.jpg,,,,,,,
twig-blight,https://www.aidedd.org/dnd/monstres.php?vo=twig-blight,Twig Blight,Small,0.13,https://www.aidedd.org/dnd/images/twig-blight.jpg,https://www.aidedd.org/dnd/images/twig-blight.jpg,,,,,,,
tyrannosaurus-rex,https://www.aidedd.org/dnd/monstres.php?vo=tyrannosaurus-rex,Tyrannosaurus Rex,Huge,8,https://www.aidedd.org/dnd/images/tyrannosaurus-rex.jpg,https://www.aidedd.org/dnd/images/tyrannosaurus-rex.jpg,,,,,,,
umber-hulk,https://www.aidedd.org/dnd/monstres.php?vo=umber-hulk,Umber Hulk,Large,5,https://www.aidedd.org/dnd/images/umber-hulk.jpg,https://www.aidedd.org/dnd/images/umber-hulk.jpg,,,,,,,
unicorn,https://www.aidedd.org/dnd/monstres.php?vo=unicorn,Unicorn,Large,5,https://www.aidedd.org/dnd/images/unicorn.jpg,https://www.aidedd.org/dnd/images/unicorn.jpg,,,,,,,
vampire,https://www.aidedd.org/dnd/monstres.php?vo=vampire,Vampire,Medium,13,https://www.aidedd.org/dnd/images/vampire.jpg,https://www.aidedd.org/dnd/images/vampire.jpg,,,,,,,
vampire-spawn,https://www.aidedd.org/dnd/monstres.php?vo=vampire-spawn,Vampire Spawn,Medium,5,https://www.aidedd.org/dnd/images/vampire-spawn.jpg,https://www.aidedd.org/dnd/images/vampire-spawn.jpg,,,,,,,
venerable-shadow,https://www.aidedd.org/dnd/monstres.php?vo=venerable-shadow,Venerable Shadow,Medium,2,https://www.aidedd.org/dnd/images/venerable-shadow.jpg,https://www.aidedd.org/dnd/images/venerable-shadow.jpg,,,,,,,
veteran,https://www.aidedd.org/dnd/monstres.php?vo=veteran,Veteran,Medium,3,https://www.aidedd.org/dnd/images/veteran.jpg,https://www.aidedd.org/dnd/images/veteran.jpg,,,,,,,
violet-fungus,https://www.aidedd.org/dnd/monstres.php?vo=violet-fungus,Violet Fungus,Medium,0.25,https://www.aidedd.org/dnd/images/violet-fungus.jpg,https://www.aidedd.org/dnd/images/violet-fungus.jpg,,,,,,,
vrock,https://www.aidedd.org/dnd/monstres.php?vo=vrock,Vrock,Large,6,https://www.aidedd.org/dnd/images/vrock.jpg,https://www.aidedd.org/dnd/images/vrock.jpg,,,,,,,
vulture,https://www.aidedd.org/dnd/monstres.php?vo=vulture,Vulture,Medium,0,https://www.aidedd.org/dnd/images/vulture.jpg,https://www.aidedd.org/dnd/images/vulture.jpg,,,,,,,
warhorse,https://www.aidedd.org/dnd/monstres.php?vo=warhorse,Warhorse,Large,0.5,https://www.aidedd.org/dnd/images/warhorse.jpg,https://www.aidedd.org/dnd/images/warhorse.jpg,,,,,,,
warhorse-skeleton,https://www.aidedd.org/dnd/monstres.php?vo=warhorse-skeleton,Warhorse Skeleton,Large,0.5,https://www.aidedd.org/dnd/images/warhorse-skeleton.jpg,https://www.aidedd.org/dnd/images/warhorse-skeleton.jpg,,,,,,,
water-elemental,https://www.aidedd.org/dnd/monstres.php?vo=water-elemental,Water Elemental,Large,5,https://www.aidedd.org/dnd/images/water-elemental.jpg,https://www.aidedd.org/dnd/images/water-elemental.jpg,,,,,,,
water-weird,https://www.aidedd.org/dnd/monstres.php?vo=water-weird,Water Weird,Large,3,https://www.aidedd.org/dnd/images/water-weird.jpg,https://www.aidedd.org/dnd/images/water-weird.jpg,,,,,,,
weasel,https://www.aidedd.org/dnd/monstres.php?vo=weasel,Weasel,Tiny,0,https://www.aidedd.org/dnd/images/weasel.jpg,https://www.aidedd.org/dnd/images/weasel.jpg,,,,,,,
werebear,https://www.aidedd.org/dnd/monstres.php?vo=werebear,Werebear,Medium,5,https://www.aidedd.org/dnd/images/werebear.jpg,https://www.aidedd.org/dnd/images/werebear.jpg,,,,,,,
wereboar,https://www.aidedd.org/dnd/monstres.php?vo=wereboar,Wereboar,Medium,4,https://www.aidedd.org/dnd/images/wereboar.jpg,https://www.aidedd.org/dnd/images/wereboar.jpg,,,,,,,
wererat,https://www.aidedd.org/dnd/monstres.php?vo=wererat,Wererat,Medium,2,https://www.aidedd.org/dnd/images/wererat.jpg,https://www.aidedd.org/dnd/images/wererat.jpg,,,,,,,
weretiger,https://www.aidedd.org/dnd/monstres.php?vo=weretiger,Weretiger,Medium,4,https://www.aidedd.org/dnd/images/weretiger.jpg,https://www.aidedd.org/dnd/images/weretiger.jpg,,,,,,,--
werewolf,https://www.aidedd.org/dnd/monstres.php?vo=werewolf,Werewolf,Medium,3,https://www.aidedd.org/dnd/images/werewolf.jpg,https://www.aidedd.org/dnd/images/werewolf.jpg,,,,,,,
white-dragon-wyrmling,https://www.aidedd.org/dnd/monstres.php?vo=white-dragon-wyrmling,White Dragon Wyrmling,Medium,2,https://www.aidedd.org/dnd/images/white-dragon-wyrmling.jpg,https://www.aidedd.org/dnd/images/white-dragon-wyrmling.jpg,,,,,,,
wight,https://www.aidedd.org/dnd/monstres.php?vo=wight,Wight,Medium,3,https://www.aidedd.org/dnd/images/wight.jpg,https://www.aidedd.org/dnd/images/wight.jpg,,,,,,,
wild-dog,https://www.aidedd.org/dnd/monstres.php?vo=wild-dog,Wild Dog,Medium,0.13,https://www.aidedd.org/dnd/images/wild-dog.jpg,https://www.aidedd.org/dnd/images/wild-dog.jpg,,,,,,,
wild-dog-alpha,https://www.aidedd.org/dnd/monstres.php?vo=wild-dog-alpha,Wild Dog Alpha,Large,1,https://www.aidedd.org/dnd/images/wild-dog-alpha.jpg,https://www.aidedd.org/dnd/images/wild-dog-alpha.jpg,,,,,,,
will-o--wisp,https://www.aidedd.org/dnd/monstres.php?vo=will-o--wisp,Will-O-Wisp,Tiny,2,https://www.aidedd.org/dnd/images/will-o--wisp.jpg,https://www.aidedd.org/dnd/images/will-o--wisp.jpg,,,,,,,
winged-kobold,https://www.aidedd.org/dnd/monstres.php?vo=winged-kobold,Winged Kobold,Small,0.25,https://www.aidedd.org/dnd/images/winged-kobold.jpg,https://www.aidedd.org/dnd/images/winged-kobold.jpg,,,,,,,
winter-wolf,https://www.aidedd.org/dnd/monstres.php?vo=winter-wolf,Winter Wolf,Large,3,https://www.aidedd.org/dnd/images/winter-wolf.jpg,https://www.aidedd.org/dnd/images/winter-wolf.jpg,,,,,,,
wolf,https://www.aidedd.org/dnd/monstres.php?vo=wolf,Wolf,Medium,0.25,https://www.aidedd.org/dnd/images/wolf.jpg,https://www.aidedd.org/dnd/images/wolf.jpg,,,,,,,
worg,https://www.aidedd.org/dnd/monstres.php?vo=worg,Worg,Large,0.5,https://www.aidedd.org/dnd/images/worg.jpg,https://www.aidedd.org/dnd/images/worg.jpg,,,,,,,
wraith,https://www.aidedd.org/dnd/monstres.php?vo=wraith,Wraith,Medium,5,https://www.aidedd.org/dnd/images/wraith.jpg,https://www.aidedd.org/dnd/images/wraith.jpg,,,,,,,
wyvern,https://www.aidedd.org/dnd/monstres.php?vo=wyvern,Wyvern,Large,6,https://www.aidedd.org/dnd/images/wyvern.jpg,https://www.aidedd.org/dnd/images/wyvern.jpg,,,,,,,
xorn,https://www.aidedd.org/dnd/monstres.php?vo=xorn,Xorn,Medium,5,https://www.aidedd.org/dnd/images/xorn.jpg,https://www.aidedd.org/dnd/images/xorn.jpg,,,,,,,
yeti,https://www.aidedd.org/dnd/monstres.php?vo=yeti,Yeti,Large,3,https://www.aidedd.org/dnd/images/yeti.jpg,https://www.aidedd.org/dnd/images/yeti.jpg,,,,,,,
young-black-dragon,https://www.aidedd.org/dnd/monstres.php?vo=young-black-dragon,Young Black Dragon,Large,7,https://www.aidedd.org/dnd/images/young-black-dragon.jpg,https://www.aidedd.org/dnd/images/young-black-dragon.jpg,,,,,,,
young-blue-dragon,https://www.aidedd.org/dnd/monstres.php?vo=young-blue-dragon,Young Blue Dragon,Large,9,https://www.aidedd.org/dnd/images/young-blue-dragon.jpg,https://www.aidedd.org/dnd/images/young-blue-dragon.jpg,,,,,,,
young-brass-dragon,https://www.aidedd.org/dnd/monstres.php?vo=young-brass-dragon,Young Brass Dragon,Large,6,https://www.aidedd.org/dnd/images/young-brass-dragon.jpg,https://www.aidedd.org/dnd/images/young-brass-dragon.jpg,,,,,,,
young-bronze-dragon,https://www.aidedd.org/dnd/monstres.php?vo=young-bronze-dragon,Young Bronze Dragon,Large,8,https://www.aidedd.org/dnd/images/young-bronze-dragon.jpg,https://www.aidedd.org/dnd/images/young-bronze-dragon.jpg,,,,,,,
young-copper-dragon,https://www.aidedd.org/dnd/monstres.php?vo=young-copper-dragon,Young Copper Dragon,Large,7,https://www.aidedd.org/dnd/images/young-copper-dragon.jpg,https://www.aidedd.org/dnd/images/young-copper-dragon.jpg,,,,,,,
young-gold-dragon,https://www.aidedd.org/dnd/monstres.php?vo=young-gold-dragon,Young Gold Dragon,Large,10,https://www.aidedd.org/dnd/images/young-gold-dragon.jpg,https://www.aidedd.org/dnd/images/young-gold-dragon.jpg,,,,,,,
young-green-dragon,https://www.aidedd.org/dnd/monstres.php?vo=young-green-dragon,Young Green Dragon,Large,8,https://www.aidedd.org/dnd/images/young-green-dragon.jpg,https://www.aidedd.org/dnd/images/young-green-dragon.jpg,,,,,,,
young-red-dragon,https://www.aidedd.org/dnd/monstres.php?vo=young-red-dragon,Young Red Dragon,Large,10,https://www.aidedd.org/dnd/images/young-red-dragon.jpg,https://www.aidedd.org/dnd/images/young-red-dragon.jpg,,,,,,,
young-silver-dragon,https://www.aidedd.org/dnd/monstres.php?vo=young-silver-dragon,Young Silver Dragon,Large,9,https://www.aidedd.org/dnd/images/young-silver-dragon.jpg,https://www.aidedd.org/dnd/images/young-silver-dragon.jpg,,,,,,,
young-white-dragon,https://www.aidedd.org/dnd/monstres.php?vo=young-white-dragon,Young White Dragon,Large,6,https://www.aidedd.org/dnd/images/young-white-dragon.jpg,https://www.aidedd.org/dnd/images/young-white-dragon.jpg,,,,,,,
yuan-ti-abomination,https://www.aidedd.org/dnd/monstres.php?vo=yuan-ti-abomination,Yuan Ti Abomination,Large,7,https://www.aidedd.org/dnd/images/yuan-ti-abomination.jpg,https://www.aidedd.org/dnd/images/yuan-ti-abomination.jpg,,,,,,,
yuan-ti-malison,https://www.aidedd.org/dnd/monstres.php?vo=yuan-ti-malison,Yuan Ti Malison,Medium,3,https://www.aidedd.org/dnd/images/yuan-ti-malison.jpg,https://www.aidedd.org/dnd/images/yuan-ti-malison.jpg,,,,,,,
yuan-ti-nightmare-speaker,https://www.aidedd.org/dnd/monstres.php?vo=yuan-ti-nightmare-speaker,Yuan Ti Nightmare Speaker,Medium,4,https://www.aidedd.org/dnd/images/yuan-ti-nightmare-speaker.jpg,https://www.aidedd.org/dnd/images/yuan-ti-nightmare-speaker.jpg,,,,,,,
yuan-ti-pureblood,https://www.aidedd.org/dnd/monstres.php?vo=yuan-ti-pureblood,Yuan Ti Pureblood,Medium,1,https://www.aidedd.org/dnd/images/yuan-ti-pureblood.jpg,https://www.aidedd.org/dnd/images/yuan-ti-pureblood.jpg,,,,,,,
zariel,https://www.aidedd.org/dnd/monstres.php?vo=zariel,Zariel,Large,26,https://www.aidedd.org/dnd/images/zariel.jpg,https://www.aidedd.org/dnd/images/zariel.jpg,,,,,,,
zombie,https://www.aidedd.org/dnd/monstres.php?vo=zombie,Zombie,Medium,0.25,https://www.aidedd.org/dnd/images/zombie.jpg,https://www.aidedd.org/dnd/images/zombie.jpg,,,,,,,
